user_id,country,transaction_velocity_score,verification_match_rate,country_risk_score,is_pep,risk_score,risk_tier,outcome,timestamp,funnel_stage_reached,tto_minutes
U00000,Brazil,64.04,55.33,38.78,False,48.12,Low,legitimate,2025-01-20,activated,6.1
U00001,USA,17.06,81.13,26.17,False,21.25,Low,legitimate,2025-04-03,activated,1.1
U00002,Nigeria,78.51,82.61,59.18,False,52.44,Medium,legitimate,2025-01-13,activated,31.2
U00003,UAE,23.6,61.8,39.42,False,34.31,Low,legitimate,2025-05-23,activated,4.5
U00004,Switzerland,17.45,88.67,2.73,False,9.72,Low,legitimate,2025-03-26,document_uploaded,
U00005,Cayman Islands,13.9,78.27,83.48,False,44.08,Low,legitimate,2025-06-05,signup_started,
U00006,Brazil,14.04,82.74,42.24,False,26.28,Low,legitimate,2025-04-29,activated,3.7
U00007,Brazil,39.29,86.14,45.56,False,34.17,Low,legitimate,2025-02-27,activated,5.0
U00008,Germany,95.18,83.84,9.87,False,37.35,Low,legitimate,2025-01-28,activated,2.6
U00009,USA,41.42,81.9,11.39,False,22.41,Low,legitimate,2025-01-29,activated,1.0
U00010,UK,27.74,95.69,19.37,False,17.36,Low,legitimate,2025-01-06,activated,4.4
U00011,Russia,56.5,93.31,80.15,False,51.01,Medium,legitimate,2025-02-24,signup_started,
U00012,India,27.7,81.49,37.2,False,28.74,Low,legitimate,2025-05-12,activated,5.7
U00013,Brazil,9.94,69.53,44.13,True,29.77,High,legitimate,2025-03-05,activated,52.4
U00014,USA,20.51,91.1,25.17,False,18.89,Low,legitimate,2025-01-27,activated,3.9
U00015,Singapore,45.62,61.09,7.88,False,28.51,Low,legitimate,2025-01-15,activated,4.8
U00016,India,15.85,80.95,35.24,False,24.57,Low,legitimate,2025-03-20,document_uploaded,
U00017,Switzerland,14.05,75.6,8.94,False,15.11,Low,legitimate,2025-02-07,activated,3.1
U00018,Brazil,19.32,84.92,100.0,False,50.32,Medium,legitimate,2025-05-13,activated,23.1
U00019,India,19.52,84.96,25.94,False,20.74,Low,legitimate,2025-03-02,activated,3.4
U00020,UAE,27.91,42.99,48.93,False,45.05,Low,legitimate,2025-01-23,activated,4.0
U00021,UK,11.24,48.4,0.0,False,18.85,Low,legitimate,2025-02-19,activated,4.8
U00022,Cayman Islands,60.77,75.28,83.96,False,59.23,Medium,legitimate,2025-03-21,activated,22.6
U00023,Nigeria,100.0,57.82,84.18,False,76.33,High,flagged_risky,2025-01-07,activated,60.3
U00024,Brazil,26.59,93.4,52.4,False,30.92,Low,legitimate,2025-01-21,activated,2.7
U00025,Germany,46.53,87.81,13.54,False,23.03,Low,legitimate,2025-06-22,activated,1.8
U00026,USA,71.22,41.15,12.96,False,44.2,Low,legitimate,2025-03-04,activated,3.8
U00027,Switzerland,40.31,78.75,8.28,False,21.78,Low,legitimate,2025-05-15,activated,5.2
U00028,Germany,96.27,43.53,9.73,False,49.71,Low,flagged_risky,2025-06-14,activated,4.5
U00029,UAE,88.05,95.62,34.93,False,41.7,Low,flagged_risky,2025-01-21,activated,4.3
U00030,UAE,63.45,64.57,39.39,False,45.42,Low,legitimate,2025-05-04,activated,4.0
U00031,Cayman Islands,78.18,85.59,83.79,False,61.29,Medium,legitimate,2025-05-30,details_entered,
U00032,UK,43.31,92.59,8.1,False,18.45,Low,legitimate,2025-01-05,activated,2.8
U00033,UK,8.15,78.99,7.74,False,11.85,Low,legitimate,2025-02-25,verification_complete,
U00034,USA,15.02,88.28,5.76,False,10.33,Low,legitimate,2025-01-25,activated,5.0
U00035,Germany,51.75,97.48,15.52,False,22.49,Low,legitimate,2025-01-06,document_uploaded,
U00036,Germany,38.66,91.45,16.91,False,20.93,Low,legitimate,2025-02-22,activated,4.5
U00037,USA,23.48,90.55,20.08,False,17.91,Low,legitimate,2025-02-02,activated,1.9
U00038,Singapore,50.46,88.37,18.69,False,26.1,Low,legitimate,2025-06-11,activated,4.2
U00039,UAE,37.73,69.2,42.79,False,37.68,Low,legitimate,2025-02-12,activated,3.8
U00040,USA,77.85,91.64,21.53,True,34.47,High,flagged_risky,2025-05-15,activated,75.8
U00041,Brazil,96.85,91.24,50.73,False,51.98,Medium,legitimate,2025-01-10,activated,16.9
U00042,UAE,30.02,87.88,41.18,False,29.11,Low,legitimate,2025-04-22,activated,5.0
U00043,UK,9.14,71.75,10.22,False,15.31,Low,legitimate,2025-05-06,activated,3.5
U00044,Brazil,30.06,73.47,67.93,False,44.15,Low,legitimate,2025-01-28,activated,1.3
U00045,Brazil,21.51,84.32,43.93,False,28.73,Low,legitimate,2025-03-19,activated,3.7
U00046,UK,35.12,63.64,9.01,False,25.05,Low,legitimate,2025-06-17,activated,4.2
U00047,Singapore,31.22,57.02,13.91,False,27.82,Low,legitimate,2025-04-21,activated,4.2
U00048,UAE,21.96,93.12,44.27,False,26.36,Low,legitimate,2025-05-26,activated,4.2
U00049,Germany,43.71,86.99,0.0,False,17.02,Low,legitimate,2025-03-18,activated,3.4
U00050,Germany,24.95,0.0,22.1,False,46.33,Low,legitimate,2025-02-13,activated,3.6
U00051,Switzerland,54.38,92.77,7.15,False,21.34,Low,legitimate,2025-03-26,activated,2.6
U00052,Brazil,31.24,75.09,38.0,False,32.04,Low,legitimate,2025-03-14,activated,1.6
U00053,UAE,67.13,88.06,52.7,False,44.8,Low,legitimate,2025-06-26,activated,3.9
U00054,UAE,20.39,70.68,47.63,False,33.97,Low,legitimate,2025-03-19,selfie_uploaded,
U00055,Brazil,44.88,81.0,36.62,False,33.81,Low,legitimate,2025-04-23,activated,5.3
U00056,USA,31.79,24.22,33.99,False,45.87,Low,flagged_risky,2025-04-16,activated,1.4
U00057,India,3.26,72.95,43.93,False,26.66,Low,legitimate,2025-03-08,activated,4.3
U00058,Germany,29.88,81.73,11.91,False,19.21,Low,legitimate,2025-03-09,activated,6.5
U00059,Switzerland,81.84,58.59,22.31,False,45.9,Low,legitimate,2025-06-02,document_uploaded,
U00060,UAE,17.13,61.63,43.43,True,34.02,High,flagged_risky,2025-02-07,activated,55.0
U00061,USA,23.11,81.12,17.75,False,19.69,Low,legitimate,2025-03-16,activated,4.5
U00062,India,22.55,66.93,32.06,False,29.51,Low,legitimate,2025-05-01,document_uploaded,
U00063,Brazil,59.52,82.83,53.24,False,44.3,Low,flagged_risky,2025-01-11,activated,3.5
U00064,India,25.28,94.22,42.29,False,26.23,Low,flagged_risky,2025-05-02,activated,2.8
U00065,India,33.12,50.97,38.13,False,39.9,Low,legitimate,2025-05-30,activated,4.8
U00066,India,60.45,88.36,30.89,True,33.98,High,legitimate,2025-03-21,activated,23.5
U00067,UK,55.79,76.16,16.17,False,30.35,Low,legitimate,2025-04-15,verification_complete,
U00068,Switzerland,35.14,81.08,7.37,False,19.17,Low,legitimate,2025-03-29,activated,3.5
U00069,USA,12.07,92.54,6.0,False,8.26,Low,legitimate,2025-04-30,activated,4.0
U00070,Germany,6.21,77.09,0.0,True,8.73,High,flagged_risky,2025-01-10,activated,46.3
U00071,USA,57.99,89.67,23.09,False,29.73,Low,legitimate,2025-04-22,activated,5.7
U00072,Nigeria,28.48,91.05,100.0,False,51.23,Medium,legitimate,2025-03-24,activated,19.3
U00073,Singapore,37.98,74.55,11.85,False,23.77,Low,legitimate,2025-01-07,activated,3.6
U00074,Switzerland,100.0,77.84,3.7,False,38.13,Low,legitimate,2025-05-25,activated,3.6
U00075,Singapore,56.52,59.22,21.77,False,37.9,Low,legitimate,2025-01-28,signup_started,
U00076,Singapore,75.78,55.81,5.56,False,38.21,Low,legitimate,2025-04-17,activated,6.9
U00077,UAE,34.34,65.06,47.94,False,39.96,Low,legitimate,2025-06-03,activated,2.4
U00078,India,49.29,80.32,34.43,False,34.46,Low,legitimate,2025-06-15,activated,5.3
U00079,Brazil,48.93,53.04,49.02,False,48.38,Low,legitimate,2025-04-24,activated,4.7
U00080,UAE,20.74,84.08,48.63,False,30.45,Low,legitimate,2025-05-09,activated,5.8
U00081,USA,63.72,92.04,13.84,False,27.04,Low,legitimate,2025-04-16,activated,4.8
U00082,Brazil,18.6,73.16,56.97,False,36.42,Low,legitimate,2025-05-20,activated,4.0
U00083,Germany,55.03,62.11,61.6,False,52.51,Medium,legitimate,2025-06-25,document_uploaded,
U00084,Switzerland,43.16,82.93,10.65,False,22.33,Low,legitimate,2025-03-24,selfie_uploaded,
U00085,Switzerland,31.48,76.82,16.3,False,22.92,Low,legitimate,2025-03-16,activated,4.9
U00086,UAE,26.66,87.07,47.94,False,31.05,Low,legitimate,2025-02-01,activated,5.7
U00087,USA,14.84,90.33,35.25,False,21.45,Low,legitimate,2025-06-26,activated,4.1
U00088,Germany,18.05,89.16,5.13,True,10.72,High,flagged_risky,2025-06-14,activated,48.0
U00089,USA,31.88,69.96,5.59,False,20.81,Low,legitimate,2025-05-08,document_uploaded,
U00090,Germany,20.74,65.77,3.05,False,17.71,Low,legitimate,2025-04-29,activated,4.5
U00091,UAE,38.81,23.03,47.94,False,53.91,Medium,legitimate,2025-02-06,activated,13.3
U00092,USA,41.68,52.23,22.48,False,35.83,Low,legitimate,2025-06-13,document_uploaded,
U00093,UK,25.08,87.01,15.92,False,17.79,Low,legitimate,2025-01-11,signup_started,
U00094,UK,5.62,51.85,4.89,True,18.09,High,legitimate,2025-04-22,signup_started,
U00095,India,100.0,84.17,44.9,False,52.71,Medium,legitimate,2025-02-15,activated,13.9
U00096,UK,6.46,79.21,3.98,False,9.76,Low,legitimate,2025-03-23,activated,2.5
U00097,Switzerland,83.57,66.83,18.43,False,42.39,Low,legitimate,2025-01-18,activated,2.7
U00098,Switzerland,16.9,97.62,33.72,False,19.27,Low,legitimate,2025-01-25,activated,3.3
U00099,Cayman Islands,21.63,86.01,85.3,False,44.8,Low,flagged_risky,2025-03-09,verification_complete,
U00100,Russia,78.42,81.37,83.25,False,62.42,Medium,flagged_risky,2025-03-13,activated,19.4
U00101,UAE,46.11,83.49,37.56,False,33.81,Low,legitimate,2025-06-08,document_uploaded,
U00102,Singapore,10.38,74.73,0.0,False,10.69,Low,legitimate,2025-04-18,verification_complete,
U00103,Cayman Islands,10.18,74.29,100.0,False,50.77,Medium,flagged_risky,2025-01-06,activated,20.4
U00104,Brazil,41.65,41.5,38.16,False,45.31,Low,flagged_risky,2025-06-17,selfie_uploaded,
U00105,UAE,14.18,86.33,28.98,False,19.95,Low,legitimate,2025-04-20,activated,1.7
U00106,USA,47.57,55.78,33.5,False,40.94,Low,legitimate,2025-05-30,activated,2.6
U00107,Singapore,50.85,91.69,12.46,False,22.73,Low,legitimate,2025-06-16,activated,4.7
U00108,Switzerland,18.39,71.16,11.42,False,18.74,Low,legitimate,2025-04-03,activated,4.3
U00109,Russia,22.54,69.06,75.22,False,46.13,Low,legitimate,2025-02-02,activated,5.2
U00110,USA,42.58,82.23,16.44,False,24.68,Low,legitimate,2025-03-22,activated,2.1
U00111,Germany,17.75,75.95,20.68,False,20.81,Low,legitimate,2025-05-04,activated,3.4
U00112,UK,35.59,73.14,14.71,False,24.62,Low,legitimate,2025-01-06,activated,3.6
U00113,India,100.0,56.92,42.78,True,60.03,High,flagged_risky,2025-06-20,activated,57.7
U00114,Germany,43.97,69.38,10.24,False,26.47,Low,legitimate,2025-03-05,activated,4.0
U00115,Nigeria,25.35,75.06,66.92,False,41.85,Low,legitimate,2025-04-29,activated,4.6
U00116,UAE,100.0,74.92,29.34,False,49.26,Low,legitimate,2025-06-26,activated,3.9
U00117,UAE,58.14,21.01,24.2,True,50.82,High,legitimate,2025-06-05,activated,77.6
U00118,USA,14.47,63.84,15.65,False,21.45,Low,legitimate,2025-05-14,details_entered,
U00119,India,16.84,68.38,38.51,False,29.94,Low,flagged_risky,2025-02-23,selfie_uploaded,
U00120,India,7.26,41.25,26.42,False,30.37,Low,flagged_risky,2025-04-05,activated,4.1
U00121,India,42.05,62.09,37.69,False,39.06,Low,flagged_risky,2025-04-01,activated,5.0
U00122,Switzerland,4.58,42.51,8.48,False,22.02,Low,legitimate,2025-06-05,activated,4.7
U00123,USA,100.0,70.63,0.0,False,38.81,Low,legitimate,2025-01-08,activated,3.5
U00124,Switzerland,27.66,92.98,0.0,False,10.4,Low,legitimate,2025-01-05,document_uploaded,
U00125,USA,60.5,90.76,21.67,False,29.59,Low,flagged_risky,2025-01-22,activated,2.1
U00126,UK,25.84,90.07,18.48,False,18.12,Low,legitimate,2025-06-22,activated,4.0
U00127,Germany,41.55,70.01,1.62,False,22.11,Low,legitimate,2025-04-08,activated,2.2
U00128,Switzerland,30.43,75.54,9.43,False,20.24,Low,legitimate,2025-05-06,activated,4.6
U00129,India,34.87,92.84,47.2,False,31.49,Low,legitimate,2025-01-18,activated,2.7
U00130,Germany,72.99,70.98,18.99,False,38.2,Low,legitimate,2025-01-03,activated,4.2
U00131,Russia,96.09,78.5,77.14,False,66.13,Medium,flagged_risky,2025-04-28,activated,19.7
U00132,India,91.4,0.0,33.79,False,70.94,Medium,flagged_risky,2025-05-07,activated,18.4
U00133,UK,100.0,84.87,9.34,False,38.27,Low,legitimate,2025-03-18,activated,3.2
U00134,India,19.34,63.46,42.21,False,33.65,Low,legitimate,2025-01-15,document_uploaded,
U00135,Switzerland,44.35,86.66,9.76,False,21.21,Low,legitimate,2025-03-30,activated,5.4
U00136,Cayman Islands,19.7,69.76,87.66,False,50.05,Medium,flagged_risky,2025-04-26,document_uploaded,
U00137,USA,71.06,90.97,19.19,False,31.7,Low,legitimate,2025-02-08,activated,4.0
U00138,Brazil,15.07,58.02,55.37,False,39.26,Low,flagged_risky,2025-02-24,activated,3.3
U00139,Switzerland,73.81,49.54,8.85,False,40.82,Low,legitimate,2025-05-15,activated,5.2
U00140,USA,38.88,71.16,25.06,False,30.34,Low,legitimate,2025-02-08,activated,4.1
U00141,USA,31.7,86.36,25.84,False,23.94,Low,legitimate,2025-01-18,activated,3.1
U00142,Russia,34.37,63.99,70.76,False,49.42,Low,legitimate,2025-04-24,activated,4.0
U00143,India,12.88,76.97,21.73,False,19.46,Low,legitimate,2025-01-05,activated,3.7
U00144,USA,13.85,60.87,75.89,False,46.25,Low,legitimate,2025-03-20,selfie_uploaded,
U00145,Singapore,39.36,85.23,12.31,False,21.16,Low,legitimate,2025-04-13,activated,3.9
U00146,UK,39.18,90.08,0.0,False,14.73,Low,legitimate,2025-01-12,activated,2.3
U00147,India,20.41,73.8,31.58,False,26.61,Low,legitimate,2025-04-28,activated,4.6
U00148,USA,27.44,51.5,24.95,False,32.76,Low,legitimate,2025-05-29,activated,6.1
U00149,Switzerland,46.91,75.0,5.48,False,23.77,Low,legitimate,2025-06-25,activated,5.4
U00150,Brazil,17.67,87.95,43.39,False,26.27,Low,legitimate,2025-02-17,activated,2.7
U00151,Nigeria,6.42,60.77,82.61,False,46.74,Low,legitimate,2025-02-28,document_uploaded,
U00152,Germany,86.15,84.73,2.57,True,31.46,High,flagged_risky,2025-04-22,activated,54.5
U00153,India,41.3,90.28,30.82,False,27.63,Low,flagged_risky,2025-04-18,activated,4.0
U00154,Switzerland,23.38,28.14,9.9,False,32.53,Low,legitimate,2025-04-20,activated,4.5
U00155,UAE,19.65,19.26,45.51,False,48.32,Low,legitimate,2025-02-26,document_uploaded,
U00156,Singapore,17.53,65.61,14.47,False,21.36,Low,legitimate,2025-01-11,activated,2.9
U00157,India,70.88,89.7,46.2,False,42.84,Low,legitimate,2025-01-05,activated,5.1
U00158,UAE,11.03,78.8,43.79,False,27.19,Low,legitimate,2025-06-29,activated,2.7
U00159,Brazil,44.27,74.02,52.4,False,42.04,Low,legitimate,2025-03-15,selfie_uploaded,
U00160,Switzerland,44.24,86.25,5.67,False,19.66,Low,legitimate,2025-03-22,activated,2.6
U00161,Russia,56.18,87.56,78.56,False,52.01,Medium,legitimate,2025-04-23,activated,21.3
U00162,Singapore,25.13,92.24,10.97,False,14.25,Low,legitimate,2025-02-06,activated,4.1
U00163,Switzerland,81.5,78.8,9.94,False,34.78,Low,legitimate,2025-03-10,activated,5.1
U00164,India,57.29,60.58,44.95,False,47.0,Low,flagged_risky,2025-03-20,activated,3.1
U00165,UK,24.49,89.6,20.0,False,18.47,Low,legitimate,2025-01-18,activated,2.5
U00166,Brazil,18.92,73.83,48.4,False,32.89,Low,legitimate,2025-04-19,activated,3.5
U00167,Brazil,30.49,87.35,40.72,False,29.23,Low,legitimate,2025-02-04,document_uploaded,
U00168,UK,23.86,66.05,15.61,False,23.59,Low,legitimate,2025-01-01,activated,4.3
U00169,Cayman Islands,16.49,65.03,81.75,False,48.14,Low,legitimate,2025-04-22,activated,2.0
U00170,Singapore,35.47,61.96,11.74,False,26.75,Low,legitimate,2025-02-24,activated,4.6
U00171,USA,27.57,81.74,37.86,False,28.89,Low,legitimate,2025-05-10,activated,2.9
U00172,Singapore,94.05,74.76,67.59,False,62.82,Medium,flagged_risky,2025-04-07,activated,14.5
U00173,Russia,23.83,84.06,81.8,False,44.65,Low,legitimate,2025-01-06,document_uploaded,
U00174,Germany,18.78,85.3,21.62,False,18.69,Low,legitimate,2025-05-06,activated,1.4
U00175,Switzerland,33.85,68.6,8.88,False,23.13,Low,legitimate,2025-01-08,activated,4.4
U00176,USA,40.4,67.12,39.04,False,37.6,Low,flagged_risky,2025-02-26,activated,4.4
U00177,Iran,42.57,75.18,92.6,False,57.26,Medium,flagged_risky,2025-05-04,activated,13.6
U00178,Nigeria,42.28,85.9,72.92,False,46.08,Low,flagged_risky,2025-03-14,activated,3.5
U00179,UAE,34.68,94.49,34.81,False,25.98,Low,legitimate,2025-03-11,activated,5.5
U00180,Nigeria,32.9,56.26,66.84,False,49.73,Low,legitimate,2025-02-09,activated,6.4
U00181,Nigeria,51.04,96.78,72.24,False,45.17,Low,legitimate,2025-03-21,activated,5.3
U00182,USA,15.27,86.83,25.62,False,18.78,Low,legitimate,2025-02-22,activated,6.3
U00183,UK,18.89,61.71,17.87,False,24.3,Low,legitimate,2025-06-20,activated,3.2
U00184,Brazil,8.61,68.92,59.33,False,35.64,Low,legitimate,2025-05-04,activated,2.1
U00185,UAE,15.48,60.51,41.15,False,32.95,Low,legitimate,2025-06-13,activated,3.9
U00186,UK,100.0,74.05,12.01,False,42.59,Low,flagged_risky,2025-03-02,activated,5.0
U00187,Switzerland,49.61,91.01,32.34,False,30.51,Low,legitimate,2025-06-21,activated,1.8
U00188,UAE,100.0,91.22,45.55,False,50.85,Medium,flagged_risky,2025-02-20,activated,13.0
U00189,Singapore,86.95,47.34,3.52,False,43.29,Low,legitimate,2025-02-25,activated,3.0
U00190,Russia,49.89,0.0,71.75,False,73.67,Medium,flagged_risky,2025-02-23,verification_complete,
U00191,Singapore,37.47,65.61,1.52,False,22.16,Low,legitimate,2025-04-17,selfie_uploaded,
U00192,Germany,34.32,68.92,20.43,False,27.79,Low,legitimate,2025-04-21,details_entered,
U00193,Brazil,4.27,84.47,44.72,False,23.83,Low,legitimate,2025-01-12,activated,4.2
U00194,Germany,31.64,42.44,13.15,False,32.02,Low,legitimate,2025-04-11,activated,2.6
U00195,Germany,21.62,80.17,11.43,False,17.01,Low,legitimate,2025-06-21,activated,3.5
U00196,India,16.06,95.89,44.58,False,23.88,Low,flagged_risky,2025-03-15,activated,2.5
U00197,Nigeria,44.64,98.36,62.38,False,38.84,Low,legitimate,2025-05-06,activated,3.8
U00198,Germany,28.93,85.78,2.32,False,13.87,Low,legitimate,2025-04-24,activated,3.0
U00199,UK,35.83,51.53,17.02,False,32.1,Low,legitimate,2025-06-26,activated,4.8
U00200,Brazil,14.14,68.62,53.41,False,35.02,Low,legitimate,2025-04-26,activated,4.0
U00201,Cayman Islands,58.92,64.67,84.99,False,62.27,Medium,legitimate,2025-03-26,activated,16.8
U00202,USA,23.75,77.19,10.71,False,18.25,Low,legitimate,2025-01-03,selfie_uploaded,
U00203,Germany,100.0,95.95,18.1,False,38.45,Low,legitimate,2025-05-25,activated,4.5
U00204,Switzerland,25.3,79.76,1.31,False,14.18,Low,legitimate,2025-03-03,activated,3.6
U00205,Singapore,3.41,70.65,5.31,False,11.95,Low,legitimate,2025-06-16,activated,3.3
U00206,Germany,45.87,31.02,3.5,False,35.86,Low,legitimate,2025-02-13,activated,2.6
U00207,UAE,30.34,89.61,53.71,False,33.7,Low,legitimate,2025-03-20,activated,3.9
U00208,Germany,8.03,81.95,17.7,False,14.9,Low,legitimate,2025-05-30,activated,4.4
U00209,USA,12.69,71.23,23.44,False,21.81,Low,legitimate,2025-01-28,activated,1.7
U00210,UAE,60.06,59.47,53.22,False,51.47,Medium,legitimate,2025-02-19,verification_complete,
U00211,India,8.43,46.48,63.31,False,43.91,Low,legitimate,2025-05-23,activated,3.4
U00212,Germany,23.27,65.83,0.0,False,17.23,Low,legitimate,2025-02-27,activated,2.7
U00213,Brazil,100.0,81.96,41.35,False,51.96,Medium,legitimate,2025-06-22,activated,18.2
U00214,UAE,46.68,90.13,36.45,False,31.55,Low,legitimate,2025-04-07,activated,4.2
U00215,UAE,54.68,51.15,34.34,False,44.79,Low,flagged_risky,2025-05-29,activated,3.9
U00216,Germany,27.1,90.34,2.3,False,11.95,Low,legitimate,2025-04-09,activated,4.7
U00217,Germany,7.35,72.05,9.3,False,14.31,Low,legitimate,2025-01-09,document_uploaded,
U00218,Russia,38.29,52.65,67.05,False,52.51,Medium,legitimate,2025-05-26,selfie_uploaded,
U00219,UK,13.48,65.44,18.02,False,21.62,Low,legitimate,2025-03-17,activated,2.8
U00220,UK,12.36,91.67,15.47,False,12.39,Low,legitimate,2025-03-11,activated,4.3
U00221,USA,35.25,67.09,22.33,False,29.38,Low,legitimate,2025-05-13,activated,4.1
U00222,UAE,14.32,21.93,46.57,False,46.35,Low,legitimate,2025-02-20,activated,2.6
U00223,Cayman Islands,32.42,86.21,87.43,False,48.83,Low,legitimate,2025-03-19,activated,3.8
U00224,Singapore,19.4,43.18,6.64,True,25.52,High,flagged_risky,2025-04-20,activated,54.4
U00225,Russia,31.62,0.0,97.09,False,78.32,High,flagged_risky,2025-04-17,document_uploaded,
U00226,Switzerland,22.12,64.43,10.11,False,21.35,Low,legitimate,2025-05-12,activated,4.4
U00227,India,32.25,88.1,21.24,False,21.74,Low,legitimate,2025-01-15,document_uploaded,
U00228,India,100.0,79.33,28.98,False,47.79,Low,legitimate,2025-06-28,activated,4.9
U00229,Switzerland,55.5,88.39,0.0,False,20.13,Low,legitimate,2025-04-20,activated,4.6
U00230,Germany,29.71,69.48,12.16,False,22.93,Low,legitimate,2025-04-22,activated,3.1
U00231,USA,74.08,64.68,16.9,False,39.58,Low,legitimate,2025-06-08,selfie_uploaded,
U00232,Cayman Islands,43.46,80.41,77.78,False,50.03,Medium,legitimate,2025-03-30,activated,14.5
U00233,India,70.81,71.85,56.1,False,52.13,Medium,flagged_risky,2025-01-06,activated,10.1
U00234,Russia,9.36,68.49,82.94,False,45.44,Low,flagged_risky,2025-01-24,activated,4.2
U00235,Brazil,14.46,91.41,54.53,False,28.73,Low,legitimate,2025-06-20,activated,5.4
U00236,USA,37.97,77.83,9.62,False,21.89,Low,legitimate,2025-06-27,activated,5.7
U00237,Brazil,75.1,84.78,39.01,False,42.7,Low,flagged_risky,2025-01-16,activated,2.7
U00238,Switzerland,32.31,82.06,61.56,False,39.7,Low,legitimate,2025-05-04,activated,4.9
U00239,Switzerland,48.36,92.22,9.56,False,20.66,Low,flagged_risky,2025-04-29,activated,4.1
U00240,Brazil,95.41,76.52,31.29,False,48.18,Low,flagged_risky,2025-01-30,activated,1.1
U00241,Brazil,59.06,42.86,46.38,False,53.41,Medium,legitimate,2025-05-22,activated,16.2
U00242,Singapore,58.0,90.92,10.13,False,24.17,Low,legitimate,2025-03-24,activated,3.5
U00243,India,15.05,55.9,36.06,False,32.17,Low,legitimate,2025-02-11,activated,5.5
U00244,India,3.57,94.77,30.68,False,14.91,Low,legitimate,2025-04-11,activated,3.0
U00245,Nigeria,79.68,50.85,65.14,False,64.71,Medium,legitimate,2025-06-12,signup_started,
U00246,India,13.45,89.99,36.41,False,21.6,Low,legitimate,2025-02-09,activated,3.9
U00247,USA,34.08,72.09,18.82,False,26.12,Low,legitimate,2025-04-22,activated,2.3
U00248,UK,33.77,96.71,20.44,False,19.29,Low,legitimate,2025-05-12,document_uploaded,
U00249,USA,27.89,73.41,27.73,False,27.43,Low,flagged_risky,2025-04-23,activated,5.8
U00250,India,44.61,75.56,35.35,False,34.86,Low,legitimate,2025-04-28,activated,3.8
U00251,Nigeria,100.0,90.15,65.89,False,59.31,Medium,legitimate,2025-05-11,activated,22.9
U00252,USA,27.44,74.35,21.94,False,24.7,Low,flagged_risky,2025-02-12,selfie_uploaded,
U00253,Singapore,39.09,90.27,15.5,False,20.84,Low,legitimate,2025-01-19,activated,3.5
U00254,Singapore,32.3,97.35,6.09,False,12.92,Low,legitimate,2025-06-28,activated,2.5
U00255,UAE,20.6,47.33,49.11,False,41.63,Low,legitimate,2025-02-27,activated,2.6
U00256,Brazil,48.66,87.2,56.82,False,41.16,Low,legitimate,2025-06-20,activated,5.7
U00257,Switzerland,26.43,52.56,19.63,False,30.01,Low,legitimate,2025-02-18,activated,4.2
U00258,Switzerland,17.25,71.84,24.0,False,23.22,Low,legitimate,2025-02-17,activated,1.9
U00259,India,18.32,0.0,30.2,False,47.58,Low,legitimate,2025-01-05,details_entered,
U00260,Germany,60.47,34.12,12.13,False,42.75,Low,legitimate,2025-03-21,selfie_uploaded,
U00261,Brazil,47.85,78.36,48.1,False,40.09,Low,flagged_risky,2025-06-20,activated,3.0
U00262,UK,22.43,19.8,14.12,False,36.44,Low,legitimate,2025-06-11,activated,4.1
U00263,Germany,44.11,48.86,6.16,False,31.04,Low,legitimate,2025-02-24,activated,7.0
U00264,Russia,32.58,82.24,64.63,False,40.95,Low,flagged_risky,2025-03-15,activated,5.0
U00265,Germany,39.56,48.93,12.83,False,32.32,Low,legitimate,2025-05-01,selfie_uploaded,
U00266,Singapore,20.17,77.61,3.08,False,14.0,Low,legitimate,2025-06-21,activated,4.0
U00267,Germany,13.82,78.49,12.77,False,15.71,Low,legitimate,2025-04-19,activated,5.1
U00268,Switzerland,26.32,76.53,0.85,False,15.28,Low,legitimate,2025-02-06,activated,5.7
U00269,Switzerland,15.92,79.6,0.0,False,10.9,Low,legitimate,2025-03-06,activated,3.7
U00270,Switzerland,14.95,92.78,10.11,False,10.7,Low,legitimate,2025-05-11,activated,3.7
U00271,Germany,9.88,63.85,13.36,False,19.15,Low,legitimate,2025-01-05,activated,3.0
U00272,Switzerland,3.6,93.52,13.21,False,8.31,Low,legitimate,2025-04-18,document_uploaded,
U00273,India,22.74,58.31,57.67,False,42.4,Low,legitimate,2025-05-19,activated,5.2
U00274,UAE,67.99,88.69,44.5,False,41.59,Low,legitimate,2025-03-04,activated,1.7
U00275,UK,57.26,77.03,71.45,False,52.65,Medium,legitimate,2025-04-08,document_uploaded,
U00276,UK,90.38,54.13,5.3,False,43.0,Low,legitimate,2025-05-10,activated,2.5
U00277,USA,14.41,41.38,6.42,False,24.47,Low,legitimate,2025-04-18,activated,4.2
U00278,Nigeria,50.8,86.93,84.25,False,52.86,Medium,flagged_risky,2025-01-05,activated,11.3
U00279,Nigeria,29.61,74.09,61.69,False,41.33,Low,flagged_risky,2025-04-16,details_entered,
U00280,Switzerland,18.35,73.85,0.0,False,13.35,Low,legitimate,2025-02-11,activated,5.3
U00281,Germany,62.97,81.58,11.65,False,29.08,Low,legitimate,2025-05-14,verification_complete,
U00282,Singapore,29.83,16.99,9.19,False,37.53,Low,legitimate,2025-02-17,activated,3.9
U00283,Singapore,6.41,89.19,1.88,False,5.92,Low,legitimate,2025-06-26,activated,4.5
U00284,India,56.85,80.63,35.26,True,36.97,High,flagged_risky,2025-01-22,document_uploaded,
U00285,USA,42.05,92.2,29.06,False,26.58,Low,legitimate,2025-06-10,activated,3.5
U00286,Switzerland,35.48,58.65,0.75,False,23.35,Low,legitimate,2025-01-07,selfie_uploaded,
U00287,UK,12.04,12.01,2.46,False,30.99,Low,legitimate,2025-05-03,activated,3.5
U00288,India,38.46,16.43,46.48,False,55.2,Medium,legitimate,2025-03-05,activated,23.8
U00289,Switzerland,82.53,53.75,12.43,False,43.61,Low,legitimate,2025-02-05,selfie_uploaded,
U00290,Brazil,41.25,95.68,42.42,False,30.64,Low,legitimate,2025-02-09,activated,3.7
U00291,Switzerland,8.58,74.03,0.0,False,10.36,Low,legitimate,2025-01-07,selfie_uploaded,
U00292,Russia,43.44,60.91,71.3,False,53.28,Medium,legitimate,2025-01-24,verification_complete,
U00293,Switzerland,41.55,56.71,7.51,False,28.45,Low,legitimate,2025-03-12,details_entered,
U00294,Nigeria,53.6,76.14,80.49,False,55.44,Medium,legitimate,2025-01-29,activated,16.5
U00295,Russia,40.75,36.4,68.67,False,58.78,Medium,legitimate,2025-06-24,details_entered,
U00296,Cayman Islands,14.99,70.43,81.24,False,45.86,Low,legitimate,2025-05-29,selfie_uploaded,
U00297,Brazil,100.0,61.95,54.08,False,63.04,Medium,flagged_risky,2025-03-27,document_uploaded,
U00298,Brazil,26.67,67.76,26.57,False,28.3,Low,legitimate,2025-01-18,activated,3.4
U00299,India,37.07,52.73,47.3,False,44.23,Low,legitimate,2025-06-27,activated,3.3
U00300,Brazil,64.49,87.56,37.36,False,38.02,Low,legitimate,2025-05-11,activated,1.8
U00301,Germany,19.35,84.46,14.99,False,16.46,Low,legitimate,2025-02-02,activated,5.2
U00302,India,99.19,84.21,40.22,False,50.58,Medium,legitimate,2025-01-10,activated,18.4
U00303,USA,43.25,67.39,27.76,False,33.86,Low,flagged_risky,2025-04-22,activated,1.8
U00304,Nigeria,57.07,71.69,74.96,False,55.6,Medium,legitimate,2025-01-08,activated,24.5
U00305,USA,52.06,46.56,0.0,False,31.65,Low,legitimate,2025-04-21,activated,3.6
U00306,UK,42.06,78.22,7.94,False,22.32,Low,legitimate,2025-03-21,activated,3.7
U00307,India,47.49,97.96,39.24,False,30.56,Low,legitimate,2025-06-08,activated,2.2
U00308,Singapore,0.53,80.5,8.25,False,9.31,Low,legitimate,2025-03-10,activated,4.6
U00309,Germany,52.0,94.62,16.3,False,23.73,Low,legitimate,2025-03-22,activated,4.6
U00310,USA,16.0,36.98,25.1,False,33.75,Low,legitimate,2025-04-09,details_entered,
U00311,USA,31.14,54.97,23.48,True,32.24,High,flagged_risky,2025-06-26,activated,48.1
U00312,Singapore,41.85,82.46,8.07,False,21.05,Low,legitimate,2025-05-07,activated,7.2
U00313,UK,66.39,57.51,0.0,False,32.66,Low,legitimate,2025-05-01,activated,2.6
U00314,UK,16.0,89.56,10.9,False,12.29,Low,legitimate,2025-02-25,activated,3.1
U00315,UK,23.18,88.27,18.75,True,17.97,High,legitimate,2025-03-28,activated,66.7
U00316,UK,25.64,82.38,5.19,False,15.05,Low,legitimate,2025-02-04,activated,2.8
U00317,UAE,37.39,70.23,47.68,False,39.22,Low,legitimate,2025-03-12,activated,2.7
U00318,Singapore,26.85,65.03,18.18,False,25.82,Low,legitimate,2025-05-28,activated,5.4
U00319,Russia,47.64,68.31,79.14,False,55.46,Medium,legitimate,2025-01-18,activated,21.3
U00320,Russia,6.68,87.31,50.43,False,25.98,Low,flagged_risky,2025-01-30,activated,4.6
U00321,USA,29.37,30.43,6.5,False,32.28,Low,legitimate,2025-04-16,activated,4.2
U00322,UK,87.76,59.23,31.98,False,51.35,Medium,legitimate,2025-05-24,signup_started,
U00323,India,92.72,47.66,33.08,False,56.75,Medium,legitimate,2025-06-25,activated,16.6
U00324,Nigeria,43.36,68.34,52.14,True,43.36,High,flagged_risky,2025-04-16,selfie_uploaded,
U00325,India,59.81,61.53,49.12,False,49.13,Low,legitimate,2025-04-29,activated,5.0
U00326,Brazil,42.4,78.68,48.12,False,38.36,Low,flagged_risky,2025-02-22,activated,4.5
U00327,India,100.0,63.54,47.94,False,60.12,Medium,flagged_risky,2025-03-15,activated,13.0
U00328,India,34.7,69.41,40.49,True,35.78,High,legitimate,2025-02-26,activated,68.0
U00329,Singapore,49.26,92.22,14.13,False,22.76,Low,legitimate,2025-01-20,activated,2.0
U00330,UAE,38.48,90.34,45.27,False,32.55,Low,flagged_risky,2025-03-08,activated,3.6
U00331,Germany,76.66,73.02,18.28,False,38.4,Low,legitimate,2025-02-09,document_uploaded,
U00332,UAE,79.03,50.24,62.5,False,63.64,Medium,flagged_risky,2025-04-17,activated,13.4
U00333,Nigeria,100.0,76.26,78.74,False,68.62,Medium,legitimate,2025-05-16,activated,28.4
U00334,Germany,19.74,67.71,0.0,False,15.61,Low,legitimate,2025-06-26,activated,2.2
U00335,India,93.14,78.69,42.02,False,51.14,Medium,legitimate,2025-06-08,activated,13.6
U00336,Switzerland,14.48,77.42,18.27,False,18.43,Low,legitimate,2025-02-27,activated,4.6
U00337,UAE,50.33,70.98,52.82,False,44.93,Low,legitimate,2025-06-18,activated,3.4
U00338,Switzerland,32.58,95.51,4.16,False,12.79,Low,legitimate,2025-06-19,activated,4.2
U00339,Russia,59.0,44.29,88.48,True,69.81,High,flagged_risky,2025-04-01,verification_complete,
U00340,Germany,44.09,76.7,20.35,False,28.36,Low,legitimate,2025-02-06,activated,4.8
U00341,Cayman Islands,56.91,76.31,100.0,False,64.18,Medium,flagged_risky,2025-05-20,activated,15.5
U00342,Brazil,14.06,71.58,41.25,False,29.24,Low,legitimate,2025-01-21,activated,3.8
U00343,India,7.94,76.18,33.43,False,22.9,Low,flagged_risky,2025-03-06,activated,4.6
U00344,Brazil,12.16,72.42,45.24,True,30.02,High,flagged_risky,2025-04-06,activated,65.5
U00345,Brazil,11.89,84.73,43.59,False,25.58,Low,legitimate,2025-06-05,activated,4.0
U00346,Russia,13.91,77.31,69.99,False,38.98,Low,legitimate,2025-06-25,activated,4.4
U00347,Singapore,20.8,90.11,0.0,False,9.21,Low,legitimate,2025-05-28,activated,4.4
U00348,India,20.66,80.6,34.09,False,25.65,Low,legitimate,2025-03-29,activated,3.9
U00349,Switzerland,33.14,92.93,11.32,False,16.59,Low,legitimate,2025-01-16,activated,3.3
U00350,India,16.96,69.32,33.56,False,27.72,Low,legitimate,2025-05-24,activated,4.9
U00351,Germany,18.08,71.56,29.42,False,25.72,Low,legitimate,2025-06-04,signup_started,
U00352,India,28.12,81.51,38.12,False,29.23,Low,legitimate,2025-03-27,activated,1.5
U00353,India,64.37,70.18,49.62,False,48.11,Low,legitimate,2025-04-10,activated,3.0
U00354,USA,74.02,66.06,20.35,False,40.53,Low,legitimate,2025-06-03,activated,3.4
U00355,India,31.58,70.55,45.44,False,36.48,Low,legitimate,2025-01-24,signup_started,
U00356,Brazil,35.36,81.65,50.51,False,36.32,Low,legitimate,2025-05-27,activated,5.4
U00357,Brazil,15.31,89.48,60.32,False,31.88,Low,flagged_risky,2025-04-03,activated,7.8
U00358,USA,25.53,62.15,18.5,False,26.42,Low,legitimate,2025-05-04,activated,1.0
U00359,India,19.25,97.09,42.47,False,23.63,Low,legitimate,2025-02-04,activated,4.4
U00360,Russia,60.43,50.07,81.3,False,65.63,Medium,legitimate,2025-04-21,signup_started,
U00361,Switzerland,57.2,78.99,5.41,False,25.62,Low,legitimate,2025-02-18,activated,3.8
U00362,Switzerland,17.72,57.21,11.64,False,22.81,Low,legitimate,2025-04-04,selfie_uploaded,
U00363,Switzerland,31.15,83.84,28.11,False,25.44,Low,legitimate,2025-04-05,verification_complete,
U00364,India,49.28,54.0,35.57,False,42.81,Low,legitimate,2025-06-22,activated,3.6
U00365,USA,40.84,92.27,21.78,True,23.28,High,legitimate,2025-05-01,activated,55.5
U00366,Brazil,43.9,83.38,59.32,False,41.88,Low,legitimate,2025-04-11,signup_started,
U00367,UAE,15.39,25.54,52.26,False,47.86,Low,legitimate,2025-03-14,activated,4.6
U00368,UK,90.98,94.05,15.11,False,35.12,Low,flagged_risky,2025-03-02,activated,4.2
U00369,Nigeria,20.49,52.23,48.55,False,39.9,Low,flagged_risky,2025-04-28,activated,3.3
U00370,Brazil,20.03,84.85,52.65,False,31.62,Low,legitimate,2025-06-08,activated,7.4
U00371,Singapore,10.89,0.0,0.0,False,33.27,Low,legitimate,2025-04-14,verification_complete,
U00372,UK,29.03,73.03,28.23,False,28.09,Low,legitimate,2025-04-29,activated,4.9
U00373,UK,68.85,83.5,16.53,False,32.21,Low,legitimate,2025-03-01,document_uploaded,
U00374,Germany,40.56,65.54,21.0,False,30.9,Low,legitimate,2025-04-11,activated,4.2
U00375,Germany,30.71,90.39,3.88,False,13.65,Low,legitimate,2025-04-13,activated,4.2
U00376,Russia,54.47,45.48,100.0,False,72.7,Medium,legitimate,2025-05-03,activated,7.7
U00377,USA,67.74,79.74,20.35,False,34.54,Low,legitimate,2025-02-26,activated,3.1
U00378,UK,57.11,88.6,14.7,False,26.43,Low,flagged_risky,2025-03-04,activated,3.1
U00379,UAE,5.83,69.18,37.58,True,26.03,High,legitimate,2025-03-06,signup_started,
U00380,India,54.78,86.31,38.76,False,36.04,Low,legitimate,2025-03-17,activated,2.7
U00381,Russia,45.09,74.3,100.0,False,61.24,Medium,legitimate,2025-02-22,document_uploaded,
U00382,Brazil,17.41,92.4,55.51,False,29.71,Low,legitimate,2025-02-05,activated,5.7
U00383,USA,45.22,39.28,27.45,False,42.76,Low,legitimate,2025-04-01,activated,4.2
U00384,UK,68.93,84.73,22.6,False,34.3,Low,legitimate,2025-06-03,activated,2.6
U00385,Iran,21.2,93.48,100.0,False,48.32,Low,flagged_risky,2025-01-06,activated,2.8
U00386,UAE,59.81,71.84,40.29,False,42.51,Low,flagged_risky,2025-04-30,activated,3.5
U00387,Cayman Islands,41.17,78.36,63.51,False,44.25,Low,flagged_risky,2025-05-27,activated,2.3
U00388,Switzerland,1.21,67.78,6.3,False,12.55,Low,legitimate,2025-05-29,activated,4.4
U00389,Nigeria,32.36,91.06,77.31,True,43.32,High,flagged_risky,2025-06-03,activated,77.3
U00390,India,40.05,94.13,29.27,False,25.48,Low,legitimate,2025-02-27,activated,3.3
U00391,Germany,26.3,79.15,10.41,False,18.31,Low,legitimate,2025-01-19,activated,4.1
U00392,India,42.24,42.1,31.77,False,42.75,Low,legitimate,2025-06-29,activated,3.5
U00393,UAE,29.91,53.23,55.52,False,45.21,Low,legitimate,2025-05-06,activated,3.2
U00394,Switzerland,100.0,66.55,14.75,True,45.93,High,legitimate,2025-03-06,activated,58.1
U00395,USA,24.93,88.66,23.86,False,20.43,Low,legitimate,2025-06-03,activated,3.2
U00396,Brazil,17.82,82.3,53.59,False,32.09,Low,legitimate,2025-03-05,activated,3.0
U00397,Singapore,57.83,43.95,9.66,False,38.03,Low,legitimate,2025-05-15,verification_complete,
U00398,USA,27.37,79.92,19.78,False,22.15,Low,legitimate,2025-06-22,activated,4.1
U00399,USA,31.09,67.88,7.33,False,21.89,Low,legitimate,2025-05-19,details_entered,
U00400,UK,29.19,62.09,0.0,False,20.13,Low,legitimate,2025-04-28,details_entered,
U00401,Russia,55.74,14.0,79.35,False,74.26,Medium,flagged_risky,2025-02-04,selfie_uploaded,
U00402,Brazil,13.82,94.15,50.92,False,26.27,Low,legitimate,2025-06-18,selfie_uploaded,
U00403,Switzerland,59.73,57.01,18.88,False,38.37,Low,legitimate,2025-03-18,activated,5.0
U00404,Iran,47.62,67.62,100.0,False,64.0,Medium,flagged_risky,2025-04-23,document_uploaded,
U00405,Nigeria,99.39,69.75,84.13,False,72.54,Medium,flagged_risky,2025-04-21,activated,21.8
U00406,Singapore,37.91,81.89,1.02,False,17.21,Low,legitimate,2025-02-14,activated,6.0
U00407,Brazil,14.7,43.57,44.83,False,39.27,Low,legitimate,2025-04-19,activated,4.6
U00408,Switzerland,38.2,65.86,12.32,False,26.63,Low,legitimate,2025-03-12,activated,6.0
U00409,Iran,41.56,84.88,100.0,False,57.01,Medium,legitimate,2025-03-04,selfie_uploaded,
U00410,UAE,72.83,59.21,55.32,False,56.21,Medium,legitimate,2025-06-04,details_entered,
U00411,India,14.67,85.34,48.07,False,28.03,Low,legitimate,2025-05-10,activated,2.9
U00412,Switzerland,8.58,75.53,47.63,True,28.97,High,flagged_risky,2025-03-30,signup_started,
U00413,Nigeria,92.32,66.4,62.05,False,62.6,Medium,legitimate,2025-01-04,document_uploaded,
U00414,Switzerland,100.0,49.96,15.1,False,51.05,Medium,flagged_risky,2025-05-08,activated,18.1
U00415,Singapore,52.38,86.39,0.09,False,19.83,Low,legitimate,2025-05-13,activated,3.4
U00416,Germany,54.43,83.41,9.85,False,25.25,Low,legitimate,2025-01-30,activated,3.4
U00417,Brazil,10.63,84.63,46.97,False,26.59,Low,legitimate,2025-05-17,activated,4.4
U00418,Germany,34.38,62.15,26.34,False,32.2,Low,legitimate,2025-03-13,document_uploaded,
U00419,Russia,73.72,47.07,74.81,False,67.92,Medium,legitimate,2025-05-12,activated,11.8
U00420,India,41.91,57.32,16.05,False,31.79,Low,flagged_risky,2025-06-01,activated,1.7
U00421,Switzerland,8.02,67.59,12.54,False,17.14,Low,legitimate,2025-05-07,activated,3.3
U00422,Switzerland,33.89,30.75,1.71,False,31.63,Low,legitimate,2025-06-19,activated,2.3
U00423,Switzerland,49.95,82.86,8.38,False,23.48,Low,legitimate,2025-01-14,activated,3.0
U00424,India,31.29,66.58,37.22,False,34.3,Low,legitimate,2025-02-28,activated,3.5
U00425,Brazil,16.26,68.48,45.54,False,32.55,Low,legitimate,2025-01-11,activated,3.8
U00426,Singapore,59.0,18.02,17.11,False,49.14,Low,legitimate,2025-02-01,activated,3.2
U00427,Nigeria,81.87,58.46,56.2,False,59.51,Medium,flagged_risky,2025-03-09,activated,29.8
U00428,Switzerland,44.69,85.92,3.35,False,18.97,Low,legitimate,2025-01-05,details_entered,
U00429,Brazil,33.25,97.21,54.16,False,32.48,Low,legitimate,2025-03-13,document_uploaded,
U00430,Russia,23.47,30.43,72.47,False,56.9,Medium,legitimate,2025-01-23,document_uploaded,
U00431,Brazil,100.0,78.46,33.52,False,49.87,Low,legitimate,2025-01-21,activated,3.2
U00432,UAE,21.47,60.07,48.02,False,37.63,Low,legitimate,2025-05-31,activated,4.7
U00433,Brazil,35.28,85.49,58.11,False,38.18,Low,legitimate,2025-05-14,activated,3.5
U00434,Switzerland,33.17,81.03,7.6,False,18.68,Low,legitimate,2025-03-24,activated,3.0
U00435,Germany,78.13,59.22,0.0,False,35.67,Low,legitimate,2025-04-13,activated,6.1
U00436,Germany,100.0,60.62,18.35,False,49.16,Low,flagged_risky,2025-02-22,activated,1.4
U00437,USA,50.0,21.17,3.06,False,39.87,Low,flagged_risky,2025-03-29,activated,3.7
U00438,UAE,23.3,53.66,44.78,True,38.8,High,legitimate,2025-05-20,activated,58.1
U00439,India,84.25,33.91,30.01,False,57.11,Medium,legitimate,2025-04-04,document_uploaded,
U00440,Nigeria,55.9,88.18,59.56,False,44.14,Low,flagged_risky,2025-05-23,activated,3.5
U00441,Germany,23.65,94.04,8.02,True,12.09,High,flagged_risky,2025-03-29,activated,98.9
U00442,UAE,76.1,55.22,40.35,False,52.4,Medium,legitimate,2025-03-07,activated,22.1
U00443,Germany,10.52,81.25,6.2,False,11.26,Low,legitimate,2025-06-11,activated,1.2
U00444,Singapore,76.38,90.87,15.3,False,31.77,Low,legitimate,2025-06-12,activated,2.3
U00445,UAE,7.48,57.66,37.99,False,30.14,Low,legitimate,2025-02-11,activated,4.3
U00446,Iran,4.42,57.22,100.0,False,54.16,Medium,flagged_risky,2025-03-25,activated,11.8
U00447,India,72.61,81.37,40.53,False,43.59,Low,legitimate,2025-05-20,signup_started,
U00448,Switzerland,38.42,17.16,1.72,False,37.07,Low,legitimate,2025-02-17,activated,3.5
U00449,India,8.21,98.41,30.21,False,15.02,Low,legitimate,2025-05-15,activated,2.6
U00450,Switzerland,32.55,32.78,0.0,False,29.93,Low,legitimate,2025-06-11,activated,2.8
U00451,Nigeria,61.04,76.78,72.62,False,54.32,Medium,legitimate,2025-02-12,activated,22.6
U00452,UAE,18.53,97.16,38.81,False,21.93,Low,legitimate,2025-01-28,activated,1.6
U00453,Germany,26.3,83.87,0.0,False,12.73,Low,legitimate,2025-06-20,activated,5.3
U00454,Switzerland,100.0,74.5,3.18,False,38.92,Low,legitimate,2025-06-29,activated,5.3
U00455,Germany,28.15,70.26,3.89,False,18.93,Low,legitimate,2025-06-04,activated,3.6
U00456,Iran,8.91,58.85,100.0,False,55.02,Medium,legitimate,2025-04-21,selfie_uploaded,
U00457,USA,22.2,91.88,2.67,True,10.16,High,legitimate,2025-01-16,activated,64.2
U00458,Brazil,7.65,88.25,35.03,False,19.83,Low,legitimate,2025-06-14,activated,3.4
U00459,India,52.79,96.63,47.99,False,36.05,Low,legitimate,2025-02-05,activated,2.2
U00460,India,16.42,56.74,50.21,False,37.99,Low,legitimate,2025-02-02,activated,6.3
U00461,Germany,15.98,79.65,5.3,False,13.02,Low,legitimate,2025-05-10,document_uploaded,
U00462,Russia,100.0,87.77,72.31,False,62.59,Medium,legitimate,2025-03-12,activated,10.1
U00463,UK,12.04,78.64,20.55,False,18.24,Low,legitimate,2025-06-06,activated,4.3
U00464,India,10.11,58.54,17.06,False,22.29,Low,legitimate,2025-06-07,activated,3.9
U00465,UAE,13.95,92.62,25.25,False,16.5,Low,legitimate,2025-05-25,activated,5.8
U00466,India,62.31,63.32,35.47,False,43.89,Low,flagged_risky,2025-05-31,document_uploaded,
U00467,Russia,48.17,65.09,100.0,False,64.93,Medium,flagged_risky,2025-04-09,selfie_uploaded,
U00468,Germany,21.97,83.81,8.08,True,14.68,High,flagged_risky,2025-06-06,activated,60.5
U00469,USA,20.4,80.57,18.91,False,19.51,Low,legitimate,2025-06-14,selfie_uploaded,
U00470,USA,45.66,84.66,28.2,False,29.58,Low,legitimate,2025-02-20,signup_started,
U00471,USA,39.47,76.67,36.96,False,33.63,Low,legitimate,2025-03-18,activated,4.3
U00472,Switzerland,29.55,43.2,2.81,True,27.03,High,flagged_risky,2025-04-22,details_entered,
U00473,Germany,49.32,57.63,11.85,False,32.25,Low,legitimate,2025-06-04,activated,3.5
U00474,Singapore,13.13,58.81,26.4,False,26.86,Low,legitimate,2025-03-12,activated,5.0
U00475,UK,16.66,95.09,1.3,False,6.99,Low,legitimate,2025-02-16,activated,3.6
U00476,USA,51.1,0.0,27.25,False,56.23,Medium,legitimate,2025-02-27,activated,22.3
U00477,India,41.76,81.05,28.84,False,29.75,Low,legitimate,2025-05-24,selfie_uploaded,
U00478,India,34.24,33.87,38.92,False,45.68,Low,legitimate,2025-04-04,activated,3.2
U00479,USA,100.0,63.73,15.82,False,47.21,Low,legitimate,2025-02-15,document_uploaded,
U00480,USA,56.84,47.45,9.38,False,36.57,Low,legitimate,2025-05-09,activated,3.1
U00481,Germany,22.5,83.62,3.15,False,12.93,Low,legitimate,2025-04-29,document_uploaded,
U00482,India,17.91,72.85,40.49,False,29.71,Low,legitimate,2025-04-04,activated,4.6
U00483,UK,43.16,90.66,23.96,False,25.34,Low,legitimate,2025-04-22,activated,4.5
U00484,Switzerland,72.46,70.31,6.83,False,33.38,Low,legitimate,2025-02-11,document_uploaded,
U00485,USA,6.49,71.76,18.63,False,17.87,Low,legitimate,2025-02-02,activated,5.0
U00486,USA,41.0,67.44,23.14,False,31.32,Low,legitimate,2025-05-26,activated,4.3
U00487,Singapore,25.97,94.38,1.26,False,9.98,Low,legitimate,2025-05-03,activated,6.5
U00488,India,38.42,86.34,44.66,False,33.49,Low,legitimate,2025-06-26,activated,3.9
U00489,India,9.43,79.91,45.37,False,27.01,Low,legitimate,2025-06-19,activated,3.0
U00490,UAE,72.43,78.62,100.0,False,68.14,Medium,legitimate,2025-03-07,activated,15.0
U00491,India,85.44,65.19,34.62,False,49.92,Low,legitimate,2025-03-25,document_uploaded,
U00492,India,53.37,56.13,33.88,False,42.72,Low,legitimate,2025-06-02,activated,4.6
U00493,UK,96.7,29.38,21.92,False,58.96,Medium,legitimate,2025-01-01,document_uploaded,
U00494,Brazil,24.98,61.91,55.37,False,41.07,Low,legitimate,2025-06-05,activated,3.0
U00495,India,40.32,26.86,33.18,False,47.31,Low,legitimate,2025-01-31,activated,5.3
U00496,USA,100.0,68.26,14.37,True,45.27,High,flagged_risky,2025-02-16,activated,87.0
U00497,India,43.56,82.03,42.87,False,35.61,Low,flagged_risky,2025-03-28,activated,4.0
U00498,UK,27.51,84.36,7.55,False,15.97,Low,legitimate,2025-05-07,activated,6.2
U00499,USA,29.79,86.21,14.31,False,18.8,Low,legitimate,2025-03-05,activated,5.0
U00500,UAE,80.47,76.8,42.81,False,48.22,Low,flagged_risky,2025-06-18,activated,6.7
U00501,Nigeria,32.98,92.07,100.0,False,52.27,Medium,flagged_risky,2025-05-21,activated,20.6
U00502,Russia,69.75,49.29,72.56,False,65.16,Medium,legitimate,2025-05-14,document_uploaded,
U00503,USA,31.73,72.3,1.42,False,18.4,Low,legitimate,2025-05-20,activated,5.0
U00504,India,69.48,86.05,20.75,False,33.33,Low,flagged_risky,2025-01-06,activated,3.5
U00505,Brazil,35.61,71.19,36.67,False,33.99,Low,legitimate,2025-05-29,activated,4.5
U00506,UK,50.91,81.69,3.18,False,22.04,Low,flagged_risky,2025-04-19,activated,5.6
U00507,Brazil,19.78,90.07,46.61,False,27.56,Low,legitimate,2025-02-03,activated,5.0
U00508,USA,40.26,62.27,7.3,False,26.32,Low,legitimate,2025-05-21,activated,4.0
U00509,Switzerland,20.02,40.37,52.86,False,45.04,Low,legitimate,2025-01-20,activated,4.2
U00510,Switzerland,24.5,89.07,1.03,False,11.04,Low,legitimate,2025-04-22,activated,4.9
U00511,Nigeria,26.07,91.72,66.04,False,36.72,Low,legitimate,2025-04-13,activated,4.9
U00512,Switzerland,29.41,74.07,19.9,False,24.56,Low,flagged_risky,2025-01-06,activated,4.9
U00513,Singapore,64.27,87.41,15.96,False,29.44,Low,flagged_risky,2025-03-09,activated,4.4
U00514,UK,23.77,11.94,15.15,False,39.61,Low,legitimate,2025-01-22,activated,3.0
U00515,Germany,37.38,33.69,7.85,False,34.25,Low,flagged_risky,2025-06-20,activated,3.2
U00516,UK,69.63,82.69,11.1,False,30.52,Low,flagged_risky,2025-05-25,activated,4.6
U00517,UAE,50.19,78.54,44.95,False,39.47,Low,legitimate,2025-06-29,document_uploaded,
U00518,Switzerland,6.64,55.58,13.26,False,20.62,Low,legitimate,2025-03-29,activated,4.8
U00519,Brazil,9.18,70.51,39.83,False,27.54,Low,legitimate,2025-03-01,activated,3.2
U00520,Nigeria,44.13,45.57,70.33,False,57.7,Medium,legitimate,2025-06-22,activated,17.2
U00521,UK,22.85,81.79,0.0,False,12.32,Low,legitimate,2025-02-25,signup_started,
U00522,Germany,7.98,98.41,13.91,False,8.43,Low,legitimate,2025-03-16,activated,2.3
U00523,India,21.55,47.93,44.86,False,40.03,Low,legitimate,2025-01-25,document_uploaded,
U00524,Switzerland,45.29,30.17,5.48,False,36.73,Low,legitimate,2025-05-28,activated,5.6
U00525,UK,25.85,96.06,31.35,False,21.48,Low,legitimate,2025-01-22,activated,4.1
U00526,Cayman Islands,34.84,20.33,74.07,False,63.98,Medium,legitimate,2025-01-07,document_uploaded,
U00527,Iran,27.65,80.32,97.96,False,53.38,Medium,flagged_risky,2025-05-30,activated,17.1
U00528,Brazil,19.21,96.09,47.68,False,26.01,Low,legitimate,2025-06-01,activated,4.0
U00529,UK,39.71,88.14,14.1,False,21.11,Low,legitimate,2025-06-03,activated,2.8
U00530,UAE,7.15,82.39,40.97,True,23.82,High,legitimate,2025-06-04,activated,49.3
U00531,UAE,17.27,81.82,42.96,False,27.82,Low,legitimate,2025-01-26,activated,2.6
U00532,UK,56.7,86.76,22.63,False,30.03,Low,flagged_risky,2025-03-07,verification_complete,
U00533,India,9.47,92.14,50.4,False,25.36,Low,legitimate,2025-05-18,activated,2.6
U00534,Switzerland,33.58,49.86,7.98,False,28.31,Low,legitimate,2025-02-25,document_uploaded,
U00535,Germany,24.31,78.21,19.34,False,21.56,Low,legitimate,2025-05-21,activated,3.1
U00536,India,22.55,77.55,31.68,False,26.17,Low,legitimate,2025-06-13,activated,3.4
U00537,Germany,60.34,84.07,18.89,False,30.44,Low,legitimate,2025-06-23,activated,4.5
U00538,Germany,68.31,94.73,5.14,False,24.13,Low,legitimate,2025-05-20,activated,2.1
U00539,Brazil,13.92,62.05,57.82,False,38.69,Low,legitimate,2025-05-24,activated,4.1
U00540,Iran,29.59,90.5,100.0,False,51.73,Medium,flagged_risky,2025-04-18,document_uploaded,
U00541,India,5.28,80.34,36.9,False,22.24,Low,legitimate,2025-01-15,activated,5.1
U00542,Brazil,58.09,65.74,28.27,False,39.01,Low,legitimate,2025-03-20,activated,4.6
U00543,Iran,32.32,81.51,100.0,False,55.24,Medium,legitimate,2025-06-21,activated,17.7
U00544,Germany,8.85,86.12,23.09,False,16.06,Low,flagged_risky,2025-06-14,selfie_uploaded,
U00545,USA,17.98,73.52,22.98,False,22.53,Low,legitimate,2025-02-12,activated,3.9
U00546,UK,12.84,79.84,80.29,False,42.02,Low,legitimate,2025-05-15,activated,6.0
U00547,Switzerland,17.13,90.08,17.08,False,14.95,Low,legitimate,2025-02-25,activated,4.3
U00548,UAE,5.86,75.81,89.04,False,44.63,Low,legitimate,2025-03-17,activated,3.9
U00549,USA,79.91,79.5,28.96,False,41.71,Low,legitimate,2025-04-27,activated,4.7
U00550,USA,14.39,86.38,26.27,False,18.91,Low,legitimate,2025-03-31,activated,4.1
U00551,Germany,33.53,59.73,25.7,False,32.42,Low,legitimate,2025-04-19,activated,4.3
U00552,Germany,45.0,61.79,15.23,False,31.05,Low,legitimate,2025-01-18,document_uploaded,
U00553,Russia,68.37,85.06,86.15,False,59.45,Medium,legitimate,2025-02-23,activated,15.8
U00554,Switzerland,34.37,63.42,5.24,False,23.38,Low,legitimate,2025-05-26,activated,5.2
U00555,Singapore,27.33,86.42,46.34,False,30.81,Low,legitimate,2025-04-22,activated,1.7
U00556,Singapore,35.42,87.24,25.36,False,24.6,Low,legitimate,2025-06-01,activated,4.6
U00557,USA,80.04,48.96,19.95,False,47.3,Low,legitimate,2025-06-23,signup_started,
U00558,India,14.85,62.44,45.24,False,33.82,Low,legitimate,2025-03-06,activated,1.7
U00559,USA,26.85,87.79,19.11,False,19.36,Low,legitimate,2025-02-17,activated,2.8
U00560,Switzerland,3.79,50.0,2.72,False,17.23,Low,legitimate,2025-02-25,activated,4.0
U00561,Singapore,19.55,95.43,10.1,False,11.27,Low,legitimate,2025-04-14,activated,4.1
U00562,Nigeria,23.16,77.3,82.92,True,46.93,High,legitimate,2025-02-15,activated,67.2
U00563,India,100.0,68.89,43.0,False,56.53,Medium,legitimate,2025-03-12,details_entered,
U00564,India,74.2,57.43,22.6,False,44.07,Low,legitimate,2025-02-01,verification_complete,
U00565,UAE,92.72,61.21,40.06,False,55.48,Medium,legitimate,2025-03-11,document_uploaded,
U00566,Brazil,100.0,47.35,64.04,False,71.41,Medium,legitimate,2025-06-20,activated,21.9
U00567,Switzerland,14.74,83.99,6.08,False,11.66,Low,legitimate,2025-03-18,activated,4.3
U00568,UK,36.11,98.59,0.0,False,11.26,Low,legitimate,2025-05-17,activated,4.6
U00569,India,100.0,64.83,55.04,False,62.57,Medium,legitimate,2025-03-19,activated,7.6
U00570,UK,14.86,56.26,21.14,False,26.04,Low,flagged_risky,2025-03-20,activated,2.8
U00571,Nigeria,9.21,50.33,69.37,False,45.41,Low,flagged_risky,2025-04-29,activated,5.6
U00572,USA,41.66,58.75,14.66,False,30.74,Low,legitimate,2025-01-20,activated,3.7
U00573,Brazil,10.24,65.5,57.74,False,36.52,Low,legitimate,2025-03-05,activated,6.7
U00574,Nigeria,47.74,70.55,65.12,False,49.21,Low,legitimate,2025-01-26,activated,2.5
U00575,USA,67.6,53.42,28.33,False,45.59,Low,legitimate,2025-02-05,activated,5.9
U00576,Russia,15.28,91.8,82.88,False,40.19,Low,legitimate,2025-05-08,selfie_uploaded,
U00577,India,16.31,79.27,40.2,False,27.19,Low,legitimate,2025-02-01,activated,5.0
U00578,Nigeria,66.31,48.9,71.31,False,63.75,Medium,flagged_risky,2025-02-06,activated,16.4
U00579,UK,34.51,87.72,13.43,False,19.41,Low,legitimate,2025-04-14,activated,4.1
U00580,USA,60.59,66.36,27.41,False,39.23,Low,legitimate,2025-03-04,activated,4.7
U00581,India,27.6,82.81,30.21,False,25.52,Low,legitimate,2025-01-23,activated,3.3
U00582,Switzerland,29.19,56.38,0.0,False,21.84,Low,legitimate,2025-06-22,activated,5.0
U00583,UK,33.86,68.23,20.53,False,27.9,Low,legitimate,2025-06-16,activated,3.7
U00584,Russia,92.54,91.52,83.68,False,63.78,Medium,legitimate,2025-04-15,activated,19.0
U00585,India,57.48,78.65,42.32,False,40.58,Low,legitimate,2025-04-05,activated,1.0
U00586,Germany,19.03,44.12,15.67,False,28.74,Low,legitimate,2025-05-26,selfie_uploaded,
U00587,UK,37.99,81.48,78.92,False,48.52,Low,flagged_risky,2025-06-25,activated,5.5
U00588,Germany,91.53,67.62,19.09,False,44.81,Low,legitimate,2025-01-19,selfie_uploaded,
U00589,Switzerland,22.54,91.73,7.59,False,12.28,Low,legitimate,2025-01-18,activated,5.1
U00590,Russia,46.84,85.04,73.62,False,47.98,Low,flagged_risky,2025-03-01,activated,4.1
U00591,USA,40.5,86.67,15.19,False,22.23,Low,legitimate,2025-02-24,activated,6.0
U00592,UK,15.43,62.02,33.19,False,29.3,Low,legitimate,2025-06-11,activated,4.3
U00593,India,33.92,87.76,22.39,False,22.8,Low,legitimate,2025-04-02,activated,3.2
U00594,Switzerland,22.0,37.22,12.5,False,30.43,Low,legitimate,2025-05-26,activated,5.0
U00595,Singapore,44.83,93.66,0.0,False,15.35,Low,legitimate,2025-05-01,details_entered,
U00596,UAE,21.24,52.53,41.03,False,37.02,Low,legitimate,2025-05-11,activated,4.8
U00597,India,29.32,71.59,100.0,False,57.32,Medium,legitimate,2025-06-22,document_uploaded,
U00598,Iran,23.03,62.16,77.23,False,49.16,Low,legitimate,2025-04-16,activated,4.3
U00599,India,6.89,40.31,41.5,False,36.57,Low,legitimate,2025-05-20,activated,5.7
U00600,USA,89.61,27.51,14.58,False,54.46,Medium,legitimate,2025-02-18,document_uploaded,
U00601,Brazil,33.65,64.81,29.11,False,32.3,Low,legitimate,2025-02-16,activated,2.2
U00602,Russia,91.61,0.0,85.56,False,91.7,High,flagged_risky,2025-04-16,document_uploaded,
U00603,UAE,34.76,93.95,54.92,True,34.21,High,flagged_risky,2025-06-12,document_uploaded,
U00604,Cayman Islands,52.63,63.66,95.41,False,64.86,Medium,flagged_risky,2025-01-10,document_uploaded,
U00605,Brazil,20.06,72.92,51.23,False,34.63,Low,flagged_risky,2025-04-01,activated,1.5
U00606,Nigeria,20.47,78.7,70.41,False,40.7,Low,legitimate,2025-02-06,activated,6.3
U00607,Switzerland,32.31,63.57,19.95,False,28.6,Low,flagged_risky,2025-06-09,activated,2.9
U00608,UAE,91.08,50.99,57.14,False,64.89,Medium,flagged_risky,2025-04-04,activated,13.7
U00609,USA,15.89,88.88,28.2,False,19.39,Low,legitimate,2025-01-08,activated,1.7
U00610,India,5.26,83.04,29.53,False,18.48,Low,legitimate,2025-01-01,activated,5.0
U00611,India,65.3,96.54,39.81,False,36.55,Low,legitimate,2025-04-26,activated,3.9
U00612,Cayman Islands,54.82,92.52,85.96,False,53.07,Medium,legitimate,2025-02-11,details_entered,
U00613,Iran,24.06,31.12,79.71,False,59.77,Medium,flagged_risky,2025-01-08,activated,16.4
U00614,Singapore,100.0,66.23,14.22,False,45.82,Low,legitimate,2025-01-28,activated,4.7
U00615,UAE,100.0,97.55,62.46,False,55.72,Medium,legitimate,2025-01-28,activated,15.4
U00616,UAE,6.4,84.27,47.76,False,25.74,Low,legitimate,2025-03-04,document_uploaded,
U00617,UK,19.69,89.74,28.26,False,20.29,Low,legitimate,2025-05-10,activated,2.5
U00618,Germany,32.14,62.74,13.65,False,26.28,Low,legitimate,2025-06-04,activated,2.4
U00619,Switzerland,43.99,71.78,7.34,False,24.6,Low,legitimate,2025-04-06,document_uploaded,
U00620,Brazil,39.55,58.98,100.0,False,64.17,Medium,legitimate,2025-06-20,activated,23.0
U00621,USA,33.56,77.65,10.66,False,21.04,Low,legitimate,2025-05-23,activated,5.8
U00622,Iran,13.9,0.0,87.33,True,69.1,High,flagged_risky,2025-01-30,verification_complete,
U00623,USA,47.81,82.45,29.4,False,31.37,Low,legitimate,2025-05-13,activated,4.7
U00624,Cayman Islands,49.66,61.37,94.35,False,64.23,Medium,legitimate,2025-02-11,activated,14.7
U00625,USA,62.31,80.52,9.08,False,28.17,Low,legitimate,2025-06-23,activated,7.5
U00626,Brazil,12.24,79.92,56.71,False,32.38,Low,flagged_risky,2025-06-02,activated,5.7
U00627,Switzerland,28.48,64.09,7.22,False,22.21,Low,legitimate,2025-01-12,document_uploaded,
U00628,India,23.16,80.34,41.06,False,29.27,Low,legitimate,2025-02-01,activated,5.0
U00629,Brazil,12.03,52.94,52.14,False,38.58,Low,legitimate,2025-03-21,activated,4.5
U00630,Russia,28.15,40.82,86.95,False,60.98,Medium,legitimate,2025-05-14,document_uploaded,
U00631,Brazil,14.51,87.69,100.0,False,48.05,Low,flagged_risky,2025-04-10,activated,3.3
U00632,Switzerland,10.29,78.61,85.17,False,43.57,Low,flagged_risky,2025-01-16,activated,3.0
U00633,UK,55.29,89.87,17.78,False,26.74,Low,legitimate,2025-04-24,activated,4.7
U00634,Switzerland,23.96,95.59,13.62,False,13.96,Low,legitimate,2025-04-27,activated,5.9
U00635,Switzerland,18.92,91.45,0.5,False,8.44,Low,legitimate,2025-06-17,activated,3.6
U00636,UAE,72.45,71.82,61.43,False,54.76,Medium,legitimate,2025-02-17,activated,14.1
U00637,UAE,50.67,86.44,46.23,False,37.76,Low,flagged_risky,2025-01-07,activated,2.2
U00638,Brazil,4.66,59.79,54.42,False,35.23,Low,legitimate,2025-05-15,details_entered,
U00639,Nigeria,44.19,85.27,55.53,False,39.89,Low,legitimate,2025-05-07,activated,5.5
U00640,UAE,100.0,92.36,34.6,False,46.13,Low,legitimate,2025-04-04,signup_started,
U00641,Brazil,27.27,68.34,59.14,False,41.34,Low,flagged_risky,2025-05-05,details_entered,
U00642,Switzerland,26.5,78.39,10.58,False,18.67,Low,legitimate,2025-02-02,activated,4.5
U00643,Singapore,7.74,93.17,0.0,False,4.37,Low,legitimate,2025-01-23,activated,4.1
U00644,India,100.0,88.53,47.34,False,52.38,Medium,legitimate,2025-03-14,activated,24.9
U00645,Nigeria,28.07,82.7,65.11,False,39.65,Low,legitimate,2025-06-10,activated,2.7
U00646,Switzerland,42.55,80.3,20.7,False,26.96,Low,legitimate,2025-04-03,details_entered,
U00647,USA,29.24,82.35,17.21,False,20.95,Low,legitimate,2025-04-26,activated,6.1
U00648,UAE,19.18,49.13,43.84,False,38.55,Low,legitimate,2025-06-29,activated,2.7
U00649,Switzerland,58.15,44.88,18.61,False,41.42,Low,flagged_risky,2025-02-24,activated,4.0
U00650,USA,37.18,92.76,9.92,False,17.29,Low,legitimate,2025-03-28,activated,4.8
U00651,Nigeria,28.24,86.16,61.06,False,37.05,Low,legitimate,2025-05-04,activated,4.1
U00652,UAE,42.24,87.14,40.23,False,32.62,Low,legitimate,2025-01-28,signup_started,
U00653,Singapore,31.27,92.44,17.44,False,18.63,Low,legitimate,2025-03-14,activated,5.8
U00654,Nigeria,95.61,95.27,58.02,False,53.31,Medium,flagged_risky,2025-04-10,document_uploaded,
U00655,UK,56.85,91.04,0.0,True,19.74,High,flagged_risky,2025-02-24,document_uploaded,
U00656,Nigeria,47.06,72.07,77.41,False,53.46,Medium,legitimate,2025-02-09,activated,13.0
U00657,Singapore,8.69,80.95,4.57,False,10.15,Low,legitimate,2025-03-20,activated,3.8
U00658,India,48.18,59.86,34.47,False,40.28,Low,legitimate,2025-06-08,activated,6.9
U00659,UK,47.37,82.7,0.0,False,19.4,Low,legitimate,2025-03-16,document_uploaded,
U00660,Singapore,14.74,79.09,3.89,False,12.25,Low,legitimate,2025-05-31,activated,2.5
U00661,Nigeria,8.49,36.66,100.0,False,61.55,Medium,legitimate,2025-05-02,document_uploaded,
U00662,Germany,55.3,52.28,20.37,False,39.06,Low,legitimate,2025-01-24,activated,4.2
U00663,Switzerland,59.95,42.08,1.06,False,35.78,Low,flagged_risky,2025-06-14,activated,4.5
U00664,UK,20.55,59.67,29.92,False,30.23,Low,legitimate,2025-04-16,activated,5.5
U00665,UAE,64.62,82.75,35.84,False,38.9,Low,legitimate,2025-04-13,activated,6.2
U00666,Brazil,36.72,89.48,41.85,False,30.91,Low,flagged_risky,2025-05-06,activated,4.0
U00667,Iran,23.9,79.05,100.0,False,53.45,Medium,flagged_risky,2025-01-08,verification_complete,
U00668,Singapore,8.31,62.44,11.9,False,18.52,Low,legitimate,2025-02-15,selfie_uploaded,
U00669,USA,14.59,77.71,13.03,False,16.28,Low,legitimate,2025-05-24,document_uploaded,
U00670,Germany,41.49,53.84,10.6,False,30.54,Low,legitimate,2025-04-23,activated,2.0
U00671,India,15.31,75.17,50.18,False,32.11,Low,flagged_risky,2025-03-12,selfie_uploaded,
U00672,Iran,61.95,76.66,100.0,False,65.59,Medium,flagged_risky,2025-03-25,document_uploaded,
U00673,UAE,46.85,89.07,34.65,False,31.19,Low,legitimate,2025-04-22,activated,4.5
U00674,India,42.64,38.67,37.62,False,46.24,Low,legitimate,2025-03-28,activated,2.8
U00675,UK,36.18,89.29,15.81,False,20.39,Low,legitimate,2025-03-24,activated,6.4
U00676,Russia,18.48,72.26,69.12,False,41.52,Low,legitimate,2025-04-10,activated,4.2
U00677,USA,51.26,86.96,17.5,False,26.29,Low,legitimate,2025-02-20,verification_complete,
U00678,Germany,18.06,72.52,12.05,False,18.48,Low,legitimate,2025-04-13,activated,2.4
U00679,UK,64.24,91.93,25.26,False,31.8,Low,legitimate,2025-05-05,activated,4.8
U00680,Switzerland,100.0,41.36,18.87,False,55.14,Medium,legitimate,2025-05-08,activated,21.8
U00681,Germany,37.02,39.09,9.04,False,32.99,Low,legitimate,2025-04-22,activated,3.4
U00682,Switzerland,78.98,69.65,6.07,False,35.23,Low,legitimate,2025-03-23,details_entered,
U00683,USA,14.77,86.21,80.7,False,40.85,Low,legitimate,2025-04-28,activated,4.8
U00684,India,47.21,98.66,32.73,False,27.66,Low,legitimate,2025-05-11,activated,4.2
U00685,UK,32.95,77.83,20.3,False,24.66,Low,legitimate,2025-02-25,document_uploaded,
U00686,USA,55.94,75.85,17.21,False,30.91,Low,legitimate,2025-03-29,activated,5.2
U00687,Cayman Islands,4.97,90.69,73.28,False,33.59,Low,legitimate,2025-05-03,activated,5.0
U00688,UAE,53.74,76.46,33.39,False,36.54,Low,legitimate,2025-04-30,activated,4.7
U00689,India,19.93,64.65,51.02,False,36.99,Low,legitimate,2025-03-31,activated,3.0
U00690,Singapore,34.14,11.64,8.59,False,40.19,Low,flagged_risky,2025-02-17,selfie_uploaded,
U00691,Nigeria,100.0,95.33,84.76,False,65.31,Medium,legitimate,2025-06-13,activated,18.4
U00692,Singapore,48.28,83.04,5.38,False,21.72,Low,legitimate,2025-04-08,activated,5.1
U00693,UK,44.06,63.85,17.62,False,31.11,Low,legitimate,2025-04-08,activated,5.2
U00694,Russia,41.64,92.83,99.53,False,54.46,Medium,flagged_risky,2025-03-26,document_uploaded,
U00695,India,68.66,93.75,28.48,False,33.87,Low,legitimate,2025-05-17,activated,3.5
U00696,UAE,57.21,52.26,24.92,False,41.46,Low,legitimate,2025-02-24,document_uploaded,
U00697,India,41.96,75.0,49.58,False,39.92,Low,legitimate,2025-06-18,activated,4.0
U00698,India,38.44,71.09,30.56,False,32.43,Low,legitimate,2025-01-12,document_uploaded,
U00699,Singapore,36.67,78.26,9.81,False,21.45,Low,legitimate,2025-01-03,activated,5.3
U00700,Singapore,31.66,81.59,4.73,False,16.91,Low,legitimate,2025-04-02,activated,3.4
U00701,UK,12.05,94.95,17.41,False,12.09,Low,legitimate,2025-06-04,document_uploaded,
U00702,Germany,47.59,66.22,3.45,False,25.79,Low,legitimate,2025-01-02,activated,6.5
U00703,Nigeria,21.54,97.98,68.38,False,34.42,Low,legitimate,2025-05-03,activated,5.9
U00704,Singapore,28.93,86.22,14.05,False,18.43,Low,legitimate,2025-03-12,activated,2.9
U00705,India,59.79,54.53,28.93,False,43.15,Low,legitimate,2025-01-04,activated,5.8
U00706,Brazil,32.2,80.34,41.7,False,32.24,Low,legitimate,2025-03-08,document_uploaded,
U00707,Brazil,30.42,89.44,44.87,False,30.24,Low,legitimate,2025-04-27,activated,3.5
U00708,USA,37.1,89.73,5.14,False,16.27,Low,legitimate,2025-04-25,activated,3.6
U00709,USA,26.25,70.29,14.2,False,22.47,Low,legitimate,2025-06-02,activated,3.9
U00710,Iran,100.0,37.5,97.07,False,87.58,High,flagged_risky,2025-06-27,activated,65.2
U00711,UAE,100.0,84.01,38.4,False,50.16,Medium,legitimate,2025-01-10,activated,18.6
U00712,Brazil,99.23,41.41,100.0,False,87.35,High,flagged_risky,2025-06-04,document_uploaded,
U00713,Russia,41.73,88.05,77.82,False,47.23,Low,legitimate,2025-01-02,activated,3.5
U00714,Brazil,73.55,77.99,42.1,False,45.51,Low,legitimate,2025-06-25,activated,4.4
U00715,Germany,60.85,72.72,18.22,False,33.73,Low,legitimate,2025-05-20,activated,4.1
U00716,India,26.4,63.4,50.92,False,39.27,Low,legitimate,2025-06-21,activated,2.3
U00717,Switzerland,64.39,85.22,3.82,False,25.28,Low,flagged_risky,2025-01-13,activated,4.6
U00718,India,19.72,91.98,42.37,False,25.27,Low,legitimate,2025-01-14,activated,4.1
U00719,Cayman Islands,43.82,55.37,79.84,False,58.47,Medium,legitimate,2025-06-27,activated,14.1
U00720,USA,70.4,84.11,21.29,False,34.4,Low,legitimate,2025-02-20,activated,3.5
U00721,USA,27.52,59.61,32.09,False,33.21,Low,legitimate,2025-03-10,activated,3.5
U00722,Switzerland,27.44,72.94,12.58,False,21.38,Low,legitimate,2025-02-23,activated,3.7
U00723,Cayman Islands,9.35,59.18,66.04,False,41.47,Low,legitimate,2025-01-29,activated,6.1
U00724,Switzerland,76.87,99.51,12.09,False,28.04,Low,flagged_risky,2025-01-13,activated,6.5
U00725,Switzerland,41.17,81.48,19.1,False,25.55,Low,legitimate,2025-01-25,details_entered,
U00726,Singapore,86.69,86.24,8.01,False,33.34,Low,legitimate,2025-06-02,activated,4.6
U00727,Switzerland,50.14,95.2,16.96,False,23.27,Low,legitimate,2025-01-05,activated,5.1
U00728,USA,6.22,93.57,11.79,False,8.51,Low,legitimate,2025-06-11,activated,3.7
U00729,USA,26.49,95.05,4.63,False,11.28,Low,legitimate,2025-02-09,activated,5.1
U00730,UK,10.43,86.14,16.27,False,13.8,Low,legitimate,2025-04-19,activated,6.0
U00731,Switzerland,100.0,77.75,0.0,False,36.68,Low,flagged_risky,2025-02-16,activated,2.4
U00732,Switzerland,7.75,85.24,49.83,False,26.68,Low,legitimate,2025-06-10,document_uploaded,
U00733,UK,13.35,82.38,26.58,False,19.92,Low,legitimate,2025-01-08,activated,6.3
U00734,Switzerland,56.57,66.59,0.0,False,26.99,Low,legitimate,2025-05-09,activated,2.5
U00735,UAE,22.08,43.85,30.48,True,35.66,High,flagged_risky,2025-06-18,document_uploaded,
U00736,Germany,79.41,93.24,2.71,True,26.94,High,flagged_risky,2025-03-21,activated,47.6
U00737,UK,51.02,72.48,14.43,False,29.33,Low,legitimate,2025-03-23,activated,5.3
U00738,UK,27.63,90.31,11.71,False,15.88,Low,legitimate,2025-01-27,activated,5.4
U00739,USA,62.53,22.17,30.59,False,54.35,Medium,legitimate,2025-06-08,details_entered,
U00740,Switzerland,29.4,66.38,16.59,False,25.54,Low,legitimate,2025-06-22,details_entered,
U00741,Switzerland,54.45,91.33,12.46,False,23.92,Low,legitimate,2025-03-31,activated,1.9
U00742,Nigeria,19.42,40.26,71.31,False,52.27,Medium,legitimate,2025-05-05,activated,25.7
U00743,Switzerland,64.92,85.64,11.54,False,28.4,Low,flagged_risky,2025-05-17,activated,3.6
U00744,USA,8.49,83.72,80.19,False,39.5,Low,flagged_risky,2025-03-05,activated,3.8
U00745,USA,13.34,80.11,25.71,False,20.25,Low,legitimate,2025-01-01,activated,5.2
U00746,UK,15.4,63.39,4.99,False,17.6,Low,legitimate,2025-01-24,activated,4.2
U00747,USA,87.73,75.47,25.52,False,43.89,Low,legitimate,2025-06-11,activated,5.2
U00748,Brazil,42.19,49.01,58.68,True,51.42,High,flagged_risky,2025-05-24,activated,65.0
U00749,Nigeria,33.46,92.43,71.9,False,41.07,Low,legitimate,2025-01-18,activated,4.2
U00750,Singapore,54.86,99.38,8.41,False,20.01,Low,legitimate,2025-05-25,activated,4.4
U00751,UK,71.03,73.65,18.6,False,36.65,Low,legitimate,2025-06-08,activated,2.7
U00752,Singapore,7.59,76.11,0.0,False,9.44,Low,legitimate,2025-04-08,activated,3.8
U00753,USA,76.61,35.14,20.72,False,50.73,Medium,legitimate,2025-03-23,verification_complete,
U00754,UAE,28.92,87.09,40.98,False,28.94,Low,legitimate,2025-06-29,activated,2.9
U00755,Singapore,98.02,37.29,9.54,False,52.04,Medium,flagged_risky,2025-06-06,activated,14.1
U00756,UK,18.73,72.27,21.36,False,22.48,Low,legitimate,2025-03-11,activated,2.9
U00757,Russia,5.5,81.26,77.33,False,38.2,Low,legitimate,2025-03-27,activated,4.2
U00758,Switzerland,51.41,58.44,0.0,False,27.89,Low,legitimate,2025-06-19,selfie_uploaded,
U00759,USA,49.28,75.42,16.73,False,28.85,Low,legitimate,2025-06-15,activated,4.7
U00760,UAE,13.65,64.18,42.61,False,31.88,Low,flagged_risky,2025-04-24,activated,1.4
U00761,Germany,14.87,73.43,13.03,False,17.65,Low,legitimate,2025-04-27,activated,4.8
U00762,Switzerland,57.6,55.89,9.46,False,34.3,Low,legitimate,2025-05-13,activated,3.5
U00763,Germany,43.6,47.36,21.35,False,37.41,Low,legitimate,2025-02-22,activated,4.6
U00764,Russia,26.81,80.48,68.23,False,41.19,Low,legitimate,2025-06-15,activated,3.8
U00765,Switzerland,46.65,79.06,9.58,False,24.11,Low,legitimate,2025-02-22,activated,3.0
U00766,Germany,40.66,76.44,23.61,True,28.71,High,flagged_risky,2025-05-30,activated,53.8
U00767,Switzerland,16.25,62.66,0.0,False,16.08,Low,legitimate,2025-05-28,activated,3.5
U00768,Switzerland,60.46,17.96,9.62,False,46.6,Low,flagged_risky,2025-02-21,activated,4.4
U00769,India,52.94,71.37,32.73,False,37.56,Low,legitimate,2025-05-26,activated,2.9
U00770,Singapore,34.01,85.63,6.66,False,17.18,Low,legitimate,2025-06-06,activated,2.7
U00771,India,57.63,60.92,29.86,False,40.95,Low,legitimate,2025-03-31,activated,4.9
U00772,India,100.0,76.06,36.47,False,51.77,Medium,flagged_risky,2025-04-08,activated,24.0
U00773,Nigeria,14.72,70.84,86.57,False,47.79,Low,legitimate,2025-04-02,activated,4.7
U00774,Switzerland,27.72,90.57,0.0,False,11.15,Low,legitimate,2025-01-09,activated,3.2
U00775,Nigeria,28.75,36.33,59.47,False,51.52,Medium,legitimate,2025-04-08,activated,14.0
U00776,India,56.8,83.9,26.28,False,32.38,Low,legitimate,2025-05-02,activated,3.2
U00777,Germany,20.89,74.3,27.55,False,24.99,Low,legitimate,2025-04-12,activated,5.1
U00778,Brazil,54.71,38.45,43.84,False,52.41,Medium,flagged_risky,2025-03-31,activated,13.5
U00779,Nigeria,22.88,76.91,69.77,False,41.7,Low,legitimate,2025-04-01,details_entered,
U00780,Singapore,13.28,93.6,6.37,False,8.46,Low,legitimate,2025-04-07,activated,4.8
U00781,Russia,35.46,60.64,69.5,False,50.24,Medium,legitimate,2025-06-17,details_entered,
U00782,USA,22.49,87.13,15.88,False,16.96,Low,flagged_risky,2025-03-16,activated,5.3
U00783,India,37.99,63.5,60.12,False,46.39,Low,legitimate,2025-02-10,document_uploaded,
U00784,Iran,44.5,55.16,100.0,False,66.8,Medium,legitimate,2025-01-12,details_entered,
U00785,UK,8.16,87.55,7.32,False,9.11,Low,legitimate,2025-06-06,activated,4.7
U00786,Brazil,24.55,94.01,53.83,False,30.69,Low,legitimate,2025-02-02,activated,4.1
U00787,UK,35.48,71.7,48.67,False,38.6,Low,legitimate,2025-03-17,activated,3.6
U00788,Brazil,57.79,62.12,32.01,False,41.51,Low,flagged_risky,2025-05-17,activated,5.6
U00789,India,53.2,85.19,47.18,False,39.27,Low,legitimate,2025-02-02,activated,3.8
U00790,Germany,17.42,84.53,22.44,False,18.84,Low,legitimate,2025-02-12,activated,3.4
U00791,USA,29.81,88.96,27.41,False,23.22,Low,legitimate,2025-04-25,activated,5.3
U00792,UK,46.08,81.35,10.77,False,23.73,Low,legitimate,2025-04-23,activated,3.5
U00793,Switzerland,28.31,92.8,6.5,False,13.25,Low,legitimate,2025-02-13,activated,3.3
U00794,Switzerland,18.84,83.4,14.75,False,16.53,Low,legitimate,2025-04-08,activated,2.6
U00795,UK,32.54,78.69,18.52,False,23.56,Low,legitimate,2025-05-07,activated,3.0
U00796,Switzerland,43.17,91.64,4.46,False,17.24,Low,legitimate,2025-02-09,activated,3.1
U00797,Germany,16.06,89.53,0.0,False,7.96,Low,legitimate,2025-03-21,activated,4.7
U00798,UAE,49.49,91.25,43.02,False,34.68,Low,legitimate,2025-02-20,activated,2.8
U00799,UAE,36.97,60.16,51.71,False,43.73,Low,legitimate,2025-06-19,activated,1.8
U00800,UAE,50.7,79.68,31.22,False,33.79,Low,legitimate,2025-03-11,activated,4.4
U00801,UK,32.02,58.26,20.75,False,30.43,Low,legitimate,2025-06-04,activated,3.2
U00802,Nigeria,95.85,88.35,72.98,False,61.44,Medium,legitimate,2025-06-08,verification_complete,
U00803,India,42.6,82.37,44.75,False,35.97,Low,legitimate,2025-01-31,activated,5.5
U00804,Germany,54.55,40.69,19.85,True,42.1,High,legitimate,2025-06-19,activated,56.2
U00805,Germany,49.36,60.2,5.75,False,29.05,Low,legitimate,2025-01-09,activated,5.8
U00806,UAE,29.52,12.39,27.45,False,46.12,Low,legitimate,2025-03-11,activated,3.9
U00807,Germany,40.03,79.17,7.2,False,21.14,Low,legitimate,2025-01-29,selfie_uploaded,
U00808,USA,21.27,93.12,26.0,False,18.85,Low,legitimate,2025-01-09,details_entered,
U00809,Iran,91.49,93.6,91.12,False,65.81,Medium,legitimate,2025-04-10,activated,18.6
U00810,Switzerland,45.85,77.8,1.75,False,21.12,Low,legitimate,2025-04-19,activated,2.9
U00811,Switzerland,17.95,37.4,0.0,False,24.16,Low,legitimate,2025-04-15,activated,3.0
U00812,Iran,78.55,94.03,100.0,False,65.35,Medium,flagged_risky,2025-03-17,activated,16.8
U00813,India,30.63,91.02,45.43,False,30.06,Low,legitimate,2025-05-22,activated,2.4
U00814,Germany,59.66,84.15,18.93,False,30.23,Low,legitimate,2025-03-30,activated,4.2
U00815,Nigeria,7.95,89.62,78.71,False,36.98,Low,flagged_risky,2025-04-07,activated,3.6
U00816,Nigeria,69.55,54.49,75.19,False,64.59,Medium,flagged_risky,2025-03-21,activated,19.3
U00817,India,44.58,95.16,35.8,False,29.15,Low,legitimate,2025-02-07,activated,2.4
U00818,India,16.8,72.39,36.53,False,27.93,Low,legitimate,2025-04-28,activated,4.8
U00819,Singapore,44.06,98.36,6.15,False,16.17,Low,legitimate,2025-05-30,activated,6.0
U00820,Switzerland,85.73,78.23,31.71,False,44.94,Low,legitimate,2025-02-24,activated,5.8
U00821,India,21.77,17.08,43.0,False,48.61,Low,legitimate,2025-03-25,activated,6.3
U00822,Singapore,21.55,83.34,5.83,False,13.79,Low,legitimate,2025-06-10,activated,4.1
U00823,UAE,71.74,81.23,46.19,False,45.63,Low,legitimate,2025-02-07,activated,3.6
U00824,Brazil,35.24,78.65,38.9,False,32.54,Low,legitimate,2025-03-17,activated,4.6
U00825,Switzerland,62.23,96.13,21.54,False,28.45,Low,legitimate,2025-02-18,activated,3.7
U00826,India,46.26,57.34,32.05,False,39.5,Low,flagged_risky,2025-03-03,activated,1.9
U00827,Singapore,29.18,47.02,14.51,False,30.45,Low,legitimate,2025-03-24,activated,5.0
U00828,Nigeria,41.22,63.76,79.59,False,55.07,Medium,legitimate,2025-06-16,document_uploaded,
U00829,Singapore,94.64,87.13,13.46,False,37.64,Low,flagged_risky,2025-01-03,activated,2.2
U00830,India,51.69,54.27,38.85,False,44.77,Low,legitimate,2025-03-06,activated,3.4
U00831,India,31.48,87.97,38.1,False,28.29,Low,legitimate,2025-06-05,activated,3.7
U00832,UK,28.56,66.25,14.49,False,24.49,Low,legitimate,2025-01-15,document_uploaded,
U00833,UAE,39.56,48.8,36.81,False,41.95,Low,legitimate,2025-04-02,activated,4.0
U00834,UAE,61.73,99.64,37.95,False,33.81,Low,flagged_risky,2025-01-28,activated,5.6
U00835,India,19.45,86.6,51.32,False,30.38,Low,legitimate,2025-04-11,activated,2.5
U00836,UAE,56.35,76.48,100.0,False,63.96,Medium,legitimate,2025-05-09,activated,17.2
U00837,Iran,31.03,79.37,88.93,False,51.07,Medium,legitimate,2025-04-25,activated,13.3
U00838,USA,34.38,23.46,13.35,False,38.62,Low,flagged_risky,2025-04-12,activated,5.5
U00839,USA,100.0,33.8,27.9,False,61.02,Medium,flagged_risky,2025-05-14,verification_complete,
U00840,Switzerland,52.67,87.22,14.08,False,25.27,Low,legitimate,2025-04-07,activated,3.6
U00841,Brazil,23.03,93.0,53.04,False,30.23,Low,flagged_risky,2025-04-21,activated,5.3
U00842,India,44.5,95.17,35.68,False,29.07,Low,legitimate,2025-01-15,activated,5.6
U00843,USA,63.74,80.92,23.16,False,34.11,Low,legitimate,2025-01-04,activated,5.8
U00844,Switzerland,53.05,74.32,2.21,False,24.5,Low,legitimate,2025-01-30,activated,2.0
U00845,Nigeria,4.54,83.19,67.66,False,33.47,Low,legitimate,2025-04-08,activated,4.6
U00846,UK,33.39,44.87,23.73,False,36.05,Low,legitimate,2025-03-13,activated,4.3
U00847,UAE,45.81,75.45,49.87,False,41.05,Low,legitimate,2025-03-07,activated,3.9
U00848,Germany,43.37,96.29,3.16,False,15.39,Low,legitimate,2025-03-22,activated,4.1
U00849,Cayman Islands,24.46,78.8,74.3,False,43.42,Low,legitimate,2025-06-28,activated,5.5
U00850,Germany,53.65,75.26,12.98,False,28.71,Low,legitimate,2025-03-09,activated,5.2
U00851,Germany,69.74,80.85,27.54,False,37.68,Low,legitimate,2025-03-21,activated,5.1
U00852,Nigeria,8.42,98.81,52.76,False,23.99,Low,legitimate,2025-04-01,activated,4.2
U00853,Russia,7.68,62.67,80.5,False,45.7,Low,flagged_risky,2025-05-20,activated,6.7
U00854,Germany,44.23,73.72,0.0,False,21.15,Low,legitimate,2025-05-13,activated,3.5
U00855,USA,56.56,80.8,12.29,False,27.65,Low,legitimate,2025-06-26,activated,2.1
U00856,UAE,21.84,91.63,38.72,False,24.55,Low,flagged_risky,2025-04-25,activated,3.7
U00857,Nigeria,4.84,65.61,66.22,False,38.25,Low,legitimate,2025-06-21,activated,4.1
U00858,UK,33.78,68.44,10.2,False,23.68,Low,legitimate,2025-04-21,activated,5.6
U00859,USA,43.81,81.43,18.06,False,25.94,Low,flagged_risky,2025-04-07,activated,3.4
U00860,UAE,27.51,96.06,37.18,False,24.31,Low,legitimate,2025-04-11,activated,4.6
U00861,UAE,64.76,97.0,28.84,False,31.86,Low,legitimate,2025-03-28,activated,2.2
U00862,Brazil,42.03,88.31,55.02,False,38.12,Low,legitimate,2025-02-06,activated,5.3
U00863,India,20.07,49.39,44.78,False,39.11,Low,legitimate,2025-03-07,selfie_uploaded,
U00864,Switzerland,21.71,58.65,15.59,False,25.15,Low,legitimate,2025-04-19,activated,3.7
U00865,Russia,34.3,89.2,64.13,False,39.18,Low,flagged_risky,2025-04-20,activated,6.6
U00866,Nigeria,26.16,95.38,72.69,False,38.31,Low,legitimate,2025-01-29,activated,5.3
U00867,Brazil,7.2,73.04,54.08,False,31.88,Low,flagged_risky,2025-05-25,activated,2.8
U00868,Switzerland,39.62,68.89,0.0,False,21.22,Low,legitimate,2025-05-09,activated,3.9
U00869,Germany,22.15,91.01,12.08,False,14.18,Low,legitimate,2025-04-05,activated,7.3
U00870,UAE,25.1,49.45,40.95,False,39.08,Low,legitimate,2025-03-23,activated,6.4
U00871,Switzerland,14.61,21.36,24.58,False,37.81,Low,legitimate,2025-04-11,verification_complete,
U00872,Cayman Islands,87.14,47.5,99.32,False,81.62,High,legitimate,2025-04-15,document_uploaded,
U00873,UK,50.65,60.08,0.02,False,27.18,Low,flagged_risky,2025-03-19,activated,5.6
U00874,UAE,100.0,62.62,64.45,False,66.99,Medium,flagged_risky,2025-06-05,verification_complete,
U00875,Nigeria,27.41,48.45,61.76,False,48.39,Low,legitimate,2025-01-29,activated,5.6
U00876,UK,100.0,83.23,23.83,False,44.56,Low,flagged_risky,2025-03-09,verification_complete,
U00877,UK,40.1,76.21,23.73,False,28.66,Low,legitimate,2025-03-13,activated,4.6
U00878,India,20.69,74.48,29.04,False,25.48,Low,legitimate,2025-01-18,signup_started,
U00879,India,27.2,63.24,42.44,False,36.17,Low,flagged_risky,2025-01-17,activated,3.6
U00880,USA,50.58,72.64,17.03,False,30.2,Low,legitimate,2025-06-10,activated,4.7
U00881,India,14.59,46.68,42.99,True,37.57,High,flagged_risky,2025-05-20,selfie_uploaded,
U00882,Russia,65.17,80.05,80.08,False,57.56,Medium,flagged_risky,2025-03-07,details_entered,
U00883,USA,37.87,82.7,28.77,False,28.06,Low,flagged_risky,2025-02-17,activated,2.8
U00884,Germany,59.76,85.25,58.48,False,45.74,Low,flagged_risky,2025-03-15,activated,2.7
U00885,UK,43.92,69.32,78.87,False,53.93,Medium,legitimate,2025-05-07,activated,21.4
U00886,UK,8.48,92.02,24.86,False,14.88,Low,legitimate,2025-02-23,activated,5.6
U00887,Germany,33.41,85.38,17.22,False,21.3,Low,legitimate,2025-01-12,selfie_uploaded,
U00888,Germany,66.07,87.53,18.59,False,31.0,Low,legitimate,2025-03-17,activated,2.7
U00889,UAE,37.49,79.47,36.02,False,31.81,Low,legitimate,2025-04-18,activated,2.9
U00890,UK,34.01,67.22,5.59,False,22.27,Low,legitimate,2025-04-04,activated,2.8
U00891,Cayman Islands,37.46,38.42,76.89,False,60.47,Medium,flagged_risky,2025-02-01,activated,19.7
U00892,Singapore,6.65,59.65,4.41,False,15.87,Low,legitimate,2025-06-01,document_uploaded,
U00893,Switzerland,70.45,65.33,15.08,False,37.57,Low,flagged_risky,2025-04-24,activated,4.5
U00894,UAE,3.57,0.0,50.78,False,51.38,Medium,legitimate,2025-05-10,document_uploaded,
U00895,Nigeria,79.84,78.34,68.6,False,57.89,Medium,legitimate,2025-06-22,activated,22.5
U00896,Singapore,25.99,88.92,22.88,False,20.27,Low,legitimate,2025-04-03,activated,3.5
U00897,Germany,100.0,88.46,24.32,False,43.19,Low,flagged_risky,2025-04-15,activated,3.1
U00898,Germany,6.07,50.42,14.19,False,22.37,Low,legitimate,2025-05-18,activated,4.2
U00899,India,56.17,81.97,30.6,False,34.5,Low,legitimate,2025-05-20,document_uploaded,
U00900,USA,50.09,93.74,32.18,False,29.78,Low,legitimate,2025-06-02,activated,4.3
U00901,Singapore,48.1,78.95,9.45,False,24.53,Low,legitimate,2025-05-07,activated,3.1
U00902,Switzerland,5.78,75.76,9.14,False,12.66,Low,legitimate,2025-01-11,activated,4.8
U00903,USA,18.56,29.0,14.94,False,32.84,Low,flagged_risky,2025-03-05,details_entered,
U00904,Cayman Islands,44.08,72.4,73.99,False,51.1,Medium,legitimate,2025-04-17,selfie_uploaded,
U00905,India,69.24,54.31,24.78,False,44.39,Low,legitimate,2025-03-22,activated,5.4
U00906,USA,16.39,89.82,23.7,False,17.45,Low,legitimate,2025-01-08,activated,2.6
U00907,Switzerland,16.77,86.87,0.95,True,9.35,High,flagged_risky,2025-02-18,verification_complete,
U00908,Singapore,42.15,86.06,37.54,False,31.84,Low,legitimate,2025-02-25,activated,2.3
U00909,Singapore,100.0,63.39,0.23,False,41.07,Low,legitimate,2025-01-07,activated,2.1
U00910,Brazil,20.98,85.35,36.68,False,25.36,Low,legitimate,2025-05-18,activated,2.2
U00911,Nigeria,25.76,81.52,74.59,False,43.11,Low,flagged_risky,2025-03-10,activated,4.1
U00912,Russia,22.99,41.34,91.76,False,61.2,Medium,flagged_risky,2025-05-23,document_uploaded,
U00913,Iran,71.8,64.09,96.58,False,70.95,Medium,legitimate,2025-06-06,activated,25.0
U00914,Iran,72.75,72.55,100.0,False,70.06,Medium,flagged_risky,2025-06-09,activated,24.5
U00915,Cayman Islands,32.28,77.99,65.41,False,42.45,Low,legitimate,2025-06-13,activated,5.0
U00916,Switzerland,100.0,93.71,1.9,False,32.65,Low,legitimate,2025-03-31,activated,3.0
U00917,Germany,36.55,96.14,2.34,False,13.06,Low,legitimate,2025-02-13,activated,3.0
U00918,UK,77.23,69.95,0.0,False,32.18,Low,legitimate,2025-01-16,activated,4.9
U00919,India,27.21,97.45,39.05,False,24.55,Low,legitimate,2025-04-23,activated,5.7
U00920,Switzerland,12.09,48.58,0.0,False,19.05,Low,legitimate,2025-01-23,document_uploaded,
U00921,Nigeria,32.24,27.33,58.1,False,54.71,Medium,legitimate,2025-02-13,selfie_uploaded,
U00922,India,48.58,69.9,92.57,False,60.63,Medium,flagged_risky,2025-02-13,signup_started,
U00923,India,18.69,87.63,30.52,False,21.53,Low,legitimate,2025-02-19,activated,4.5
U00924,Germany,69.62,75.3,15.57,False,34.52,Low,legitimate,2025-03-08,selfie_uploaded,
U00925,Singapore,23.85,92.18,12.75,False,14.6,Low,legitimate,2025-03-01,activated,3.8
U00926,Germany,14.61,36.55,75.58,False,53.65,Medium,flagged_risky,2025-04-05,activated,18.2
U00927,Nigeria,100.0,77.18,76.77,False,67.55,Medium,legitimate,2025-06-22,signup_started,
U00928,India,17.91,59.97,48.27,True,36.69,High,flagged_risky,2025-04-27,verification_complete,
U00929,UAE,23.32,87.71,41.98,False,27.47,Low,legitimate,2025-05-02,activated,4.1
U00930,Singapore,53.96,73.41,12.73,False,29.26,Low,legitimate,2025-01-30,activated,5.1
U00931,UK,92.06,83.2,19.6,False,40.5,Low,legitimate,2025-01-21,activated,5.9
U00932,USA,15.07,84.68,72.18,False,37.99,Low,legitimate,2025-02-04,details_entered,
U00933,Brazil,75.84,70.03,44.43,False,49.51,Low,legitimate,2025-06-02,activated,3.0
U00934,Brazil,100.0,0.0,45.01,False,78.0,High,flagged_risky,2025-02-01,activated,36.2
U00935,Germany,49.73,68.28,4.64,False,26.29,Low,legitimate,2025-06-27,selfie_uploaded,
U00936,Russia,56.35,48.34,81.79,False,65.12,Medium,flagged_risky,2025-05-16,selfie_uploaded,
U00937,Germany,40.76,95.97,11.15,False,17.9,Low,flagged_risky,2025-05-30,activated,5.1
U00938,Nigeria,45.58,76.01,64.03,False,46.48,Low,legitimate,2025-02-24,selfie_uploaded,
U00939,Switzerland,25.04,58.29,42.12,False,36.87,Low,legitimate,2025-01-29,activated,5.0
U00940,Singapore,37.33,0.0,0.0,False,41.2,Low,legitimate,2025-01-31,activated,5.6
U00941,Nigeria,5.26,83.73,78.81,False,37.98,Low,legitimate,2025-06-04,activated,3.3
U00942,Germany,63.37,67.65,12.71,False,33.8,Low,flagged_risky,2025-03-19,activated,4.0
U00943,USA,24.87,87.97,10.23,False,15.16,Low,legitimate,2025-03-15,activated,2.7
U00944,USA,13.03,58.26,25.28,False,26.54,Low,legitimate,2025-02-14,activated,3.8
U00945,Singapore,38.83,66.34,4.96,False,23.73,Low,legitimate,2025-03-06,activated,5.9
U00946,UAE,29.48,74.71,29.34,False,28.17,Low,legitimate,2025-03-08,activated,5.3
U00947,Nigeria,61.92,80.06,79.19,False,56.23,Medium,flagged_risky,2025-05-15,activated,18.7
U00948,Nigeria,32.75,88.89,65.17,False,39.23,Low,legitimate,2025-05-29,activated,1.0
U00949,UK,21.22,91.0,11.32,False,13.59,Low,legitimate,2025-03-26,activated,3.2
U00950,India,33.32,91.45,38.37,True,27.91,High,flagged_risky,2025-03-02,activated,56.7
U00951,Singapore,82.87,89.28,20.28,False,36.19,Low,legitimate,2025-03-23,activated,3.7
U00952,Singapore,63.25,81.95,10.18,False,28.46,Low,legitimate,2025-02-01,verification_complete,
U00953,Germany,49.65,89.35,1.21,False,18.57,Low,flagged_risky,2025-01-13,activated,4.3
U00954,Russia,65.03,66.64,82.89,False,62.67,Medium,legitimate,2025-02-11,activated,15.1
U00955,Nigeria,52.21,97.09,65.64,False,42.79,Low,flagged_risky,2025-01-05,activated,4.0
U00956,Brazil,16.86,73.13,64.99,False,39.12,Low,legitimate,2025-01-07,activated,3.8
U00957,USA,56.65,92.98,17.99,False,26.3,Low,legitimate,2025-02-12,activated,3.2
U00958,USA,70.03,66.16,0.0,False,31.16,Low,legitimate,2025-06-12,activated,6.2
U00959,India,72.56,82.05,41.22,False,43.64,Low,legitimate,2025-02-03,activated,3.4
U00960,India,14.01,91.78,55.5,False,28.87,Low,legitimate,2025-05-06,activated,1.3
U00961,USA,23.37,73.29,32.18,False,27.9,Low,legitimate,2025-01-27,activated,6.1
U00962,Germany,20.76,58.66,28.48,False,30.02,Low,legitimate,2025-03-25,document_uploaded,
U00963,Germany,27.01,31.97,2.82,False,29.64,Low,legitimate,2025-04-20,activated,5.1
U00964,Cayman Islands,46.25,51.82,100.0,False,68.33,Medium,legitimate,2025-04-11,verification_complete,
U00965,USA,38.15,81.9,11.5,False,21.48,Low,legitimate,2025-05-24,activated,4.7
U00966,Cayman Islands,38.16,95.0,84.02,False,46.56,Low,legitimate,2025-02-15,activated,3.9
U00967,Germany,10.94,57.19,0.54,False,16.34,Low,legitimate,2025-05-14,activated,5.2
U00968,India,22.7,50.0,32.2,False,34.69,Low,legitimate,2025-03-14,activated,3.7
U00969,Germany,75.98,72.15,5.91,False,33.52,Low,legitimate,2025-03-22,activated,3.2
U00970,Singapore,69.84,60.53,18.09,False,40.03,Low,legitimate,2025-02-27,activated,4.3
U00971,Switzerland,32.36,51.43,15.21,False,30.36,Low,legitimate,2025-06-29,details_entered,
U00972,Switzerland,56.75,59.34,10.49,False,33.42,Low,legitimate,2025-05-29,details_entered,
U00973,Russia,43.49,92.56,65.85,False,41.62,Low,legitimate,2025-03-25,activated,3.3
U00974,UK,60.85,52.53,12.2,False,37.37,Low,legitimate,2025-05-14,activated,7.4
U00975,India,58.38,95.67,31.28,False,31.33,Low,legitimate,2025-06-14,activated,1.8
U00976,USA,34.24,68.31,25.83,False,30.11,Low,legitimate,2025-02-21,activated,4.3
U00977,USA,49.85,80.27,28.6,False,32.31,Low,legitimate,2025-02-28,activated,3.7
U00978,India,45.44,56.02,47.51,False,45.83,Low,legitimate,2025-05-18,activated,6.2
U00979,Germany,34.88,86.0,5.2,False,16.75,Low,legitimate,2025-02-21,activated,2.7
U00980,Iran,29.77,55.93,71.34,False,50.69,Medium,legitimate,2025-01-17,details_entered,
U00981,Brazil,96.04,82.02,32.1,False,47.05,Low,legitimate,2025-04-18,activated,4.8
U00982,UAE,34.91,81.71,54.79,False,37.88,Low,legitimate,2025-02-06,activated,3.8
U00983,USA,54.48,91.89,14.39,False,24.53,Low,legitimate,2025-04-16,activated,3.1
U00984,Germany,91.48,52.99,5.24,False,43.64,Low,legitimate,2025-01-20,selfie_uploaded,
U00985,Russia,49.8,53.47,92.78,False,66.01,Medium,legitimate,2025-03-28,document_uploaded,
U00986,UK,48.33,80.29,26.39,False,30.97,Low,legitimate,2025-02-12,activated,3.6
U00987,Switzerland,35.05,94.13,8.22,True,15.57,High,flagged_risky,2025-04-06,activated,70.4
U00988,UK,45.98,45.27,12.36,False,35.16,Low,legitimate,2025-02-10,activated,4.5
U00989,Brazil,27.98,84.42,46.81,False,31.79,Low,legitimate,2025-02-15,activated,4.7
U00990,India,100.0,72.53,40.04,False,54.26,Medium,flagged_risky,2025-06-12,activated,19.8
U00991,UAE,11.17,76.82,56.4,False,32.87,Low,flagged_risky,2025-06-26,details_entered,
U00992,Brazil,31.12,60.74,51.8,False,41.84,Low,flagged_risky,2025-02-28,activated,5.6
U00993,Germany,50.34,86.19,18.53,False,26.66,Low,legitimate,2025-04-27,activated,3.7
U00994,Russia,48.36,68.5,88.52,False,59.37,Medium,legitimate,2025-03-05,activated,22.4
U00995,USA,97.43,55.82,7.47,False,45.47,Low,legitimate,2025-01-31,signup_started,
U00996,India,7.76,53.1,44.79,False,34.31,Low,legitimate,2025-01-18,activated,1.3
U00997,Switzerland,12.88,83.27,5.35,False,11.02,Low,legitimate,2025-06-10,activated,6.2
U00998,Iran,40.0,71.28,73.36,False,49.96,Low,legitimate,2025-01-12,activated,3.6
U00999,Singapore,5.63,37.5,0.0,False,20.44,Low,legitimate,2025-03-30,details_entered,
U01000,Switzerland,52.69,48.67,0.0,False,31.21,Low,legitimate,2025-02-09,activated,2.5
U01001,USA,73.61,56.79,22.78,False,44.16,Low,legitimate,2025-05-17,activated,2.5
U01002,Germany,58.9,72.73,13.02,False,31.06,Low,legitimate,2025-01-25,activated,3.1
U01003,Germany,66.56,78.61,13.66,False,31.85,Low,legitimate,2025-04-14,activated,4.8
U01004,India,5.86,95.77,55.56,False,25.25,Low,legitimate,2025-03-04,activated,3.4
U01005,UK,28.77,94.48,3.58,False,11.72,Low,legitimate,2025-04-04,document_uploaded,
U01006,Russia,15.8,67.36,77.75,False,45.63,Low,flagged_risky,2025-02-03,activated,3.1
U01007,UK,9.08,67.21,17.74,False,19.66,Low,legitimate,2025-01-22,document_uploaded,
U01008,UAE,24.51,39.99,35.37,False,39.51,Low,legitimate,2025-02-02,selfie_uploaded,
U01009,USA,90.07,87.95,18.25,False,37.94,Low,legitimate,2025-04-14,activated,3.4
U01010,India,100.0,90.58,23.6,False,42.26,Low,legitimate,2025-04-27,activated,4.8
U01011,India,17.55,94.11,50.69,False,27.3,Low,legitimate,2025-06-12,activated,3.7
U01012,USA,36.67,69.56,11.87,False,24.88,Low,legitimate,2025-06-19,activated,3.6
U01013,Cayman Islands,45.55,68.41,100.0,False,63.14,Medium,flagged_risky,2025-05-16,activated,17.7
U01014,UK,28.92,95.83,14.71,False,15.81,Low,legitimate,2025-01-03,activated,4.8
U01015,Germany,76.98,64.64,21.25,False,42.2,Low,legitimate,2025-05-07,selfie_uploaded,
U01016,UAE,24.79,72.65,41.52,False,32.25,Low,legitimate,2025-05-08,document_uploaded,
U01017,Nigeria,21.74,93.78,69.72,False,36.28,Low,legitimate,2025-05-08,activated,7.0
U01018,Switzerland,18.32,72.62,2.74,False,14.81,Low,legitimate,2025-04-29,activated,4.2
U01019,USA,28.77,71.73,19.07,False,24.74,Low,legitimate,2025-05-04,activated,4.0
U01020,Nigeria,2.07,69.75,72.86,False,38.84,Low,legitimate,2025-04-16,activated,3.9
U01021,UAE,29.79,79.73,34.94,False,28.99,Low,legitimate,2025-04-22,activated,4.6
U01022,Iran,38.25,77.84,94.87,False,56.07,Medium,legitimate,2025-05-05,activated,9.3
U01023,India,39.94,52.15,32.51,False,39.34,Low,legitimate,2025-01-08,activated,6.0
U01024,India,15.0,77.4,58.7,False,34.76,Low,legitimate,2025-04-02,activated,5.2
U01025,UK,39.41,78.6,61.48,False,42.84,Low,legitimate,2025-01-23,activated,3.2
U01026,Russia,38.85,65.0,91.91,False,58.92,Medium,legitimate,2025-06-16,document_uploaded,
U01027,UK,39.45,89.43,13.24,False,20.3,Low,legitimate,2025-06-28,document_uploaded,
U01028,UAE,59.64,99.11,44.33,False,35.89,Low,legitimate,2025-01-29,activated,4.4
U01029,USA,14.47,77.03,6.11,False,13.68,Low,legitimate,2025-06-10,activated,4.1
U01030,India,29.17,91.89,33.98,False,24.78,Low,legitimate,2025-03-27,activated,4.3
U01031,UAE,7.25,67.09,43.89,True,29.61,High,flagged_risky,2025-05-02,activated,38.0
U01032,USA,56.09,93.82,32.27,False,31.59,Low,legitimate,2025-04-28,activated,3.4
U01033,Russia,16.46,83.26,80.0,False,41.96,Low,legitimate,2025-01-22,activated,5.4
U01034,USA,65.67,84.13,30.45,False,36.64,Low,legitimate,2025-06-13,activated,3.4
U01035,India,67.17,69.13,43.77,True,46.92,High,legitimate,2025-04-26,activated,11.4
U01036,UK,100.0,69.17,29.65,False,51.11,Medium,flagged_risky,2025-03-29,activated,17.2
U01037,USA,30.12,45.15,17.47,False,32.48,Low,legitimate,2025-04-21,activated,6.9
U01038,USA,10.29,72.79,39.51,False,27.05,Low,legitimate,2025-06-25,activated,5.0
U01039,Germany,35.84,74.57,7.63,False,21.43,Low,legitimate,2025-04-27,activated,3.3
U01040,Switzerland,59.31,75.29,1.1,False,25.64,Low,legitimate,2025-04-29,activated,3.9
U01041,UAE,42.87,79.01,31.11,False,31.6,Low,legitimate,2025-06-07,activated,4.8
U01042,India,82.91,75.74,100.0,False,72.15,Medium,legitimate,2025-05-06,selfie_uploaded,
U01043,UAE,26.71,80.19,49.38,False,33.71,Low,legitimate,2025-01-26,activated,3.0
U01044,Switzerland,26.69,57.93,4.99,False,22.62,Low,legitimate,2025-05-28,activated,4.5
U01045,UK,17.4,48.68,26.24,False,31.11,Low,legitimate,2025-06-11,activated,5.9
U01046,Germany,100.0,67.63,18.19,False,46.99,Low,flagged_risky,2025-05-13,activated,3.5
U01047,Brazil,10.2,55.49,65.7,False,42.69,Low,legitimate,2025-01-28,activated,5.9
U01048,Nigeria,56.54,77.29,56.07,False,46.2,Low,flagged_risky,2025-04-05,activated,3.1
U01049,Singapore,60.11,91.45,7.61,False,23.64,Low,legitimate,2025-01-10,activated,1.0
U01050,UAE,58.45,79.99,97.94,False,62.71,Medium,legitimate,2025-05-20,activated,22.0
U01051,Germany,18.61,81.24,0.0,False,11.21,Low,flagged_risky,2025-06-22,activated,4.6
U01052,Singapore,31.29,79.26,19.54,False,23.43,Low,legitimate,2025-01-07,activated,4.9
U01053,Germany,51.31,76.46,9.57,False,26.28,Low,legitimate,2025-01-20,activated,4.8
U01054,Singapore,22.05,92.41,16.66,False,15.55,Low,legitimate,2025-06-17,activated,4.2
U01055,UAE,28.17,95.76,63.24,False,35.02,Low,legitimate,2025-05-24,activated,3.7
U01056,Russia,22.35,63.47,74.82,False,47.59,Low,legitimate,2025-05-29,activated,3.7
U01057,Germany,37.57,87.44,8.21,False,18.32,Low,legitimate,2025-02-07,activated,3.4
U01058,India,35.86,67.84,39.07,False,36.03,Low,legitimate,2025-04-25,activated,3.5
U01059,UAE,100.0,80.76,50.89,False,56.13,Medium,legitimate,2025-05-30,activated,8.2
U01060,Cayman Islands,52.06,58.12,76.9,False,58.94,Medium,legitimate,2025-01-13,activated,11.4
U01061,India,12.47,32.61,32.32,False,36.89,Low,legitimate,2025-02-21,details_entered,
U01062,Singapore,13.37,87.73,19.51,False,15.5,Low,legitimate,2025-02-23,activated,1.3
U01063,India,57.2,68.03,41.41,False,43.32,Low,legitimate,2025-04-08,activated,1.6
U01064,UK,35.59,72.45,0.0,False,18.94,Low,legitimate,2025-02-15,details_entered,
U01065,Cayman Islands,100.0,46.2,70.97,False,74.53,Medium,legitimate,2025-03-03,activated,17.3
U01066,UK,100.0,96.62,28.51,False,42.42,Low,flagged_risky,2025-02-16,activated,3.6
U01067,UAE,17.32,84.05,45.62,False,28.23,Low,legitimate,2025-01-12,activated,1.1
U01068,Switzerland,43.32,92.2,1.14,False,15.79,Low,legitimate,2025-05-01,activated,5.9
U01069,USA,13.52,69.05,16.47,False,19.93,Low,legitimate,2025-04-25,document_uploaded,
U01070,Nigeria,56.57,60.82,70.12,False,56.77,Medium,flagged_risky,2025-06-07,details_entered,
U01071,India,100.0,46.42,44.62,False,63.92,Medium,flagged_risky,2025-04-14,document_uploaded,
U01072,USA,39.27,90.7,5.78,False,16.88,Low,legitimate,2025-05-03,activated,5.6
U01073,Russia,26.02,60.96,70.43,False,47.69,Low,legitimate,2025-03-06,activated,4.5
U01074,Nigeria,46.37,70.04,72.46,False,51.88,Medium,legitimate,2025-03-11,activated,15.4
U01075,UK,64.34,10.51,14.1,False,51.79,Medium,legitimate,2025-03-16,selfie_uploaded,
U01076,India,64.62,69.32,43.15,False,45.85,Low,legitimate,2025-06-24,activated,4.2
U01077,USA,26.23,65.15,6.93,False,21.1,Low,legitimate,2025-03-27,document_uploaded,
U01078,India,21.63,69.43,41.21,False,32.14,Low,legitimate,2025-06-05,signup_started,
U01079,UK,41.74,89.41,24.82,False,25.63,Low,legitimate,2025-02-27,activated,3.3
U01080,Singapore,27.55,83.86,14.38,True,18.86,High,legitimate,2025-05-04,verification_complete,
U01081,Russia,77.0,82.8,79.25,False,59.96,Medium,flagged_risky,2025-02-19,activated,20.6
U01082,Russia,27.31,19.28,77.14,False,63.26,Medium,flagged_risky,2025-03-13,activated,14.8
U01083,Nigeria,37.32,81.96,62.49,False,41.6,Low,legitimate,2025-06-04,activated,1.5
U01084,Cayman Islands,45.59,39.32,81.35,False,64.42,Medium,flagged_risky,2025-05-04,activated,16.7
U01085,UAE,10.54,47.67,53.34,False,40.2,Low,legitimate,2025-03-29,activated,2.3
U01086,Brazil,23.06,66.22,46.93,False,35.82,Low,flagged_risky,2025-03-15,activated,4.1
U01087,Brazil,100.0,75.56,39.99,False,53.33,Medium,flagged_risky,2025-05-24,activated,16.6
U01088,USA,62.58,87.43,13.57,False,27.97,Low,legitimate,2025-01-28,activated,3.3
U01089,USA,27.04,78.96,19.81,False,22.35,Low,legitimate,2025-06-02,activated,2.4
U01090,Singapore,56.72,66.22,6.64,False,29.81,Low,legitimate,2025-04-22,selfie_uploaded,
U01091,India,76.19,90.16,42.37,False,42.75,Low,flagged_risky,2025-03-01,activated,3.5
U01092,Singapore,30.23,78.14,14.71,False,21.51,Low,legitimate,2025-05-06,activated,6.8
U01093,Singapore,60.65,70.59,18.0,False,34.22,Low,legitimate,2025-06-28,activated,4.0
U01094,India,55.15,64.83,50.81,False,47.42,Low,legitimate,2025-03-04,activated,4.4
U01095,USA,13.71,95.92,87.56,False,40.36,Low,flagged_risky,2025-03-12,activated,4.0
U01096,Germany,30.35,43.68,3.59,False,27.44,Low,legitimate,2025-06-17,activated,4.4
U01097,Brazil,93.9,94.31,39.87,False,45.83,Low,legitimate,2025-03-03,activated,5.3
U01098,Nigeria,100.0,68.68,69.32,True,67.12,High,flagged_risky,2025-06-03,selfie_uploaded,
U01099,Germany,62.92,71.88,7.94,False,30.49,Low,legitimate,2025-06-11,activated,1.9
U01100,Switzerland,22.47,69.11,0.0,False,16.01,Low,legitimate,2025-04-15,activated,5.0
U01101,UK,4.13,73.3,11.02,False,13.66,Low,legitimate,2025-01-15,verification_complete,
U01102,Brazil,20.16,61.02,43.73,False,35.23,Low,legitimate,2025-01-11,activated,4.0
U01103,Brazil,12.13,77.97,41.95,False,27.03,Low,legitimate,2025-02-20,activated,6.1
U01104,Germany,98.3,73.23,9.16,False,41.18,Low,flagged_risky,2025-01-04,activated,6.1
U01105,Brazil,7.07,83.72,58.61,False,30.45,Low,legitimate,2025-05-18,activated,5.1
U01106,Switzerland,14.04,60.92,9.79,True,19.85,High,legitimate,2025-04-26,document_uploaded,
U01107,UK,41.15,87.91,37.25,False,30.87,Low,legitimate,2025-03-23,activated,2.6
U01108,Iran,35.42,84.63,97.53,False,54.25,Medium,legitimate,2025-05-27,activated,22.1
U01109,Germany,90.99,74.86,9.39,False,38.59,Low,legitimate,2025-01-25,activated,5.6
U01110,Germany,52.91,66.51,12.04,False,30.73,Low,legitimate,2025-04-01,verification_complete,
U01111,USA,78.67,81.88,20.31,False,37.16,Low,legitimate,2025-03-02,activated,5.3
U01112,India,77.9,80.3,41.92,False,46.05,Low,legitimate,2025-01-05,document_uploaded,
U01113,Russia,26.47,70.35,96.69,False,55.51,Medium,flagged_risky,2025-03-28,activated,8.2
U01114,Iran,95.69,31.51,88.39,False,84.61,High,flagged_risky,2025-01-27,activated,62.7
U01115,Switzerland,18.03,71.04,15.73,False,20.39,Low,legitimate,2025-01-09,document_uploaded,
U01116,Germany,34.5,66.72,13.87,False,25.88,Low,legitimate,2025-02-08,activated,3.6
U01117,Brazil,4.9,81.78,33.86,False,20.48,Low,legitimate,2025-02-05,activated,2.7
U01118,Singapore,65.05,90.97,16.94,False,29.0,Low,legitimate,2025-04-23,activated,6.1
U01119,Nigeria,39.56,35.3,81.41,False,63.84,Medium,flagged_risky,2025-05-23,activated,14.4
U01120,UAE,95.85,45.86,34.29,False,58.71,Medium,legitimate,2025-03-29,activated,24.3
U01121,Switzerland,29.55,17.9,7.92,False,36.66,Low,legitimate,2025-04-26,verification_complete,
U01122,Brazil,10.4,59.12,32.47,False,28.37,Low,legitimate,2025-01-19,activated,4.5
U01123,Germany,48.47,77.91,0.67,False,21.43,Low,legitimate,2025-05-22,activated,4.5
U01124,USA,23.59,94.78,27.43,False,19.62,Low,legitimate,2025-04-01,document_uploaded,
U01125,India,59.08,90.79,33.8,False,34.01,Low,legitimate,2025-03-19,activated,5.8
U01126,USA,18.35,29.05,8.02,False,30.0,Low,legitimate,2025-06-06,activated,3.0
U01127,UAE,85.2,92.41,44.07,False,45.46,Low,flagged_risky,2025-02-26,document_uploaded,
U01128,India,37.3,64.38,33.3,False,35.19,Low,legitimate,2025-03-21,details_entered,
U01129,Iran,32.07,83.84,91.76,False,51.18,Medium,flagged_risky,2025-06-16,activated,10.6
U01130,Iran,81.61,82.37,100.0,False,69.77,Medium,flagged_risky,2025-01-27,activated,14.9
U01131,USA,65.68,58.93,7.54,False,35.04,Low,legitimate,2025-04-04,activated,4.5
U01132,Switzerland,20.45,91.12,0.0,False,8.8,Low,legitimate,2025-04-15,details_entered,
U01133,UAE,64.45,85.06,43.39,False,41.17,Low,legitimate,2025-05-07,activated,6.2
U01134,Cayman Islands,56.01,75.87,90.72,False,60.33,Medium,legitimate,2025-06-17,selfie_uploaded,
U01135,UK,33.39,73.25,26.14,False,28.5,Low,legitimate,2025-03-03,activated,4.4
U01136,USA,61.1,62.62,12.01,False,34.35,Low,legitimate,2025-01-21,selfie_uploaded,
U01137,USA,84.96,82.65,26.44,False,41.27,Low,legitimate,2025-03-13,document_uploaded,
U01138,Switzerland,34.11,46.78,0.94,False,26.58,Low,legitimate,2025-01-29,activated,3.8
U01139,UAE,34.19,71.16,58.44,False,42.28,Low,legitimate,2025-05-12,document_uploaded,
U01140,UK,32.87,76.98,4.8,False,18.69,Low,flagged_risky,2025-04-13,activated,3.9
U01141,Brazil,19.79,80.3,59.96,False,35.83,Low,legitimate,2025-05-17,activated,3.7
U01142,Brazil,33.85,81.82,42.09,False,32.45,Low,legitimate,2025-03-03,activated,3.6
U01143,Brazil,31.2,62.4,66.12,False,47.09,Low,flagged_risky,2025-06-21,activated,3.9
U01144,USA,29.9,77.41,23.32,False,25.08,Low,legitimate,2025-06-11,activated,3.5
U01145,UK,29.57,76.92,5.86,False,18.14,Low,legitimate,2025-06-14,details_entered,
U01146,UAE,14.01,62.28,37.3,False,30.44,Low,legitimate,2025-05-09,activated,5.0
U01147,Brazil,69.99,40.06,55.03,False,60.99,Medium,legitimate,2025-02-03,signup_started,
U01148,USA,23.04,23.88,27.47,False,40.74,Low,flagged_risky,2025-01-27,activated,6.3
U01149,Nigeria,88.01,37.57,69.36,False,72.88,Medium,flagged_risky,2025-06-22,activated,20.0
U01150,Germany,16.68,82.51,12.4,False,15.21,Low,legitimate,2025-06-06,activated,3.5
U01151,Nigeria,100.0,55.03,76.83,False,74.22,Medium,flagged_risky,2025-06-08,signup_started,
U01152,Switzerland,27.44,25.61,9.19,False,34.22,Low,legitimate,2025-04-26,activated,4.1
U01153,Germany,100.0,80.6,0.36,False,35.96,Low,flagged_risky,2025-06-04,activated,4.7
U01154,India,39.29,92.75,30.68,False,26.24,Low,legitimate,2025-03-30,activated,3.7
U01155,Switzerland,12.38,82.85,10.12,False,12.91,Low,legitimate,2025-01-30,details_entered,
U01156,Switzerland,12.97,67.14,18.94,False,21.32,Low,legitimate,2025-02-16,activated,3.1
U01157,Switzerland,21.57,58.8,22.54,False,27.85,Low,legitimate,2025-06-03,activated,4.0
U01158,USA,26.29,74.92,25.02,False,25.42,Low,flagged_risky,2025-04-27,document_uploaded,
U01159,Brazil,34.88,96.36,50.59,False,31.79,Low,legitimate,2025-06-29,selfie_uploaded,
U01160,Switzerland,45.29,91.26,14.74,False,22.1,Low,legitimate,2025-06-11,activated,4.3
U01161,India,31.69,97.79,32.0,False,22.97,Low,legitimate,2025-05-17,activated,4.3
U01162,Brazil,43.65,79.62,46.62,False,37.86,Low,flagged_risky,2025-01-07,activated,3.5
U01163,Germany,48.61,0.11,4.58,False,46.38,Low,legitimate,2025-02-03,activated,3.3
U01164,Germany,30.67,70.79,0.76,False,18.27,Low,legitimate,2025-03-09,activated,3.1
U01165,Nigeria,55.41,85.32,73.0,False,50.23,Medium,legitimate,2025-01-07,activated,18.8
U01166,Brazil,63.73,84.75,49.67,False,43.56,Low,legitimate,2025-06-18,activated,5.4
U01167,India,49.45,54.42,44.19,False,46.18,Low,legitimate,2025-02-11,activated,5.4
U01168,Brazil,100.0,91.62,52.92,False,53.68,Medium,flagged_risky,2025-03-10,activated,11.9
U01169,Switzerland,41.02,63.16,10.18,False,27.43,Low,legitimate,2025-05-02,activated,3.8
U01170,UK,73.95,75.77,20.01,False,37.46,Low,legitimate,2025-01-07,activated,1.4
U01171,UAE,35.46,88.19,41.62,False,30.83,Low,legitimate,2025-04-25,activated,4.1
U01172,Singapore,21.87,79.18,13.72,False,18.29,Low,legitimate,2025-01-19,activated,4.7
U01173,UAE,36.21,74.82,35.46,False,32.6,Low,legitimate,2025-06-12,activated,5.9
U01174,USA,12.57,53.33,21.33,False,26.3,Low,legitimate,2025-05-05,activated,1.9
U01175,UAE,11.27,88.0,48.02,False,26.19,Low,flagged_risky,2025-03-02,activated,2.7
U01176,USA,63.93,71.24,11.97,True,32.6,High,flagged_risky,2025-05-07,activated,57.4
U01177,UK,88.91,70.09,15.47,False,41.83,Low,legitimate,2025-02-26,document_uploaded,
U01178,Germany,28.08,74.11,6.39,False,18.75,Low,legitimate,2025-01-21,activated,4.2
U01179,Germany,64.33,62.38,7.26,False,33.49,Low,flagged_risky,2025-01-02,activated,4.7
U01180,UAE,6.23,75.11,31.88,False,22.09,Low,legitimate,2025-02-09,activated,2.5
U01181,Switzerland,49.55,93.88,19.39,False,24.46,Low,legitimate,2025-05-08,activated,4.2
U01182,Switzerland,35.56,80.22,17.59,False,23.64,Low,flagged_risky,2025-04-12,activated,2.5
U01183,Germany,98.17,75.97,16.84,False,43.4,Low,legitimate,2025-02-19,signup_started,
U01184,Germany,32.1,82.31,29.75,False,26.84,Low,legitimate,2025-05-04,activated,4.2
U01185,Brazil,15.67,76.41,46.3,False,30.3,Low,legitimate,2025-03-11,activated,3.2
U01186,UK,9.9,95.17,42.29,False,21.33,Low,legitimate,2025-01-29,selfie_uploaded,
U01187,Iran,36.19,84.16,93.95,False,53.19,Medium,legitimate,2025-05-03,document_uploaded,
U01188,Germany,40.96,35.34,14.3,False,37.41,Low,legitimate,2025-03-24,details_entered,
U01189,India,30.7,96.87,34.42,False,23.92,Low,legitimate,2025-04-30,activated,3.1
U01190,USA,65.27,28.67,21.35,False,49.52,Low,flagged_risky,2025-04-12,activated,3.5
U01191,UK,82.88,49.55,22.52,False,49.01,Low,legitimate,2025-01-19,activated,3.1
U01192,Nigeria,27.85,26.29,68.97,False,58.06,Medium,legitimate,2025-01-09,activated,26.4
U01193,Cayman Islands,7.43,0.0,97.99,False,71.43,Medium,legitimate,2025-01-19,activated,7.7
U01194,Nigeria,43.82,80.12,72.15,False,47.97,Low,legitimate,2025-02-10,activated,5.5
U01195,Germany,74.9,58.24,14.43,False,40.77,Low,legitimate,2025-02-10,activated,3.5
U01196,Singapore,27.95,46.37,1.82,False,25.2,Low,legitimate,2025-06-15,activated,3.9
U01197,India,51.34,88.41,41.77,False,35.59,Low,legitimate,2025-05-21,activated,3.6
U01198,Singapore,14.73,80.32,8.79,False,13.84,Low,legitimate,2025-06-08,activated,4.3
U01199,UAE,43.1,74.14,36.53,False,35.3,Low,flagged_risky,2025-03-27,selfie_uploaded,
U01200,India,51.97,42.78,31.01,False,45.16,Low,legitimate,2025-02-28,activated,5.3
U01201,India,43.93,78.21,62.05,False,44.53,Low,legitimate,2025-03-14,activated,5.3
U01202,Brazil,100.0,81.06,45.63,False,53.93,Medium,flagged_risky,2025-06-06,activated,12.7
U01203,UAE,88.23,75.78,28.89,False,45.29,Low,legitimate,2025-03-05,activated,4.8
U01204,Switzerland,57.61,89.11,1.72,False,21.24,Low,legitimate,2025-04-24,activated,3.6
U01205,Switzerland,70.43,58.84,7.54,False,36.49,Low,legitimate,2025-01-27,activated,4.1
U01206,India,42.89,49.57,42.92,False,45.16,Low,legitimate,2025-06-26,document_uploaded,
U01207,USA,34.46,32.76,22.99,False,39.71,Low,legitimate,2025-04-26,signup_started,
U01208,Singapore,25.78,83.61,16.09,False,19.09,Low,legitimate,2025-06-23,activated,5.1
U01209,USA,14.46,73.67,12.2,False,17.12,Low,legitimate,2025-02-23,verification_complete,
U01210,UAE,90.83,93.19,45.06,True,47.32,High,flagged_risky,2025-04-22,activated,51.8
U01211,Brazil,100.0,91.61,40.12,False,48.56,Low,legitimate,2025-02-19,activated,4.4
U01212,India,36.8,78.32,32.42,False,30.51,Low,legitimate,2025-03-26,selfie_uploaded,
U01213,UK,37.25,85.76,6.74,False,18.14,Low,legitimate,2025-02-28,activated,2.6
U01214,Singapore,53.42,63.79,0.0,False,26.89,Low,legitimate,2025-01-26,activated,3.3
U01215,India,32.2,28.26,47.58,False,50.21,Medium,flagged_risky,2025-03-21,activated,12.4
U01216,UK,16.05,43.11,21.2,False,30.36,Low,legitimate,2025-04-06,activated,3.7
U01217,India,12.24,96.75,46.79,False,23.36,Low,legitimate,2025-01-29,activated,5.6
U01218,UAE,100.0,98.21,42.35,False,47.48,Low,flagged_risky,2025-03-13,activated,4.7
U01219,Switzerland,8.51,80.56,14.99,False,14.38,Low,legitimate,2025-01-17,activated,2.3
U01220,Switzerland,45.07,80.33,0.0,True,19.42,High,flagged_risky,2025-04-27,verification_complete,
U01221,Germany,9.6,60.24,19.77,True,22.71,High,flagged_risky,2025-02-26,document_uploaded,
U01222,Nigeria,33.35,81.07,71.59,False,44.32,Low,legitimate,2025-01-17,activated,4.9
U01223,India,27.75,82.61,43.64,False,31.0,Low,legitimate,2025-04-03,activated,3.2
U01224,Germany,11.08,71.05,15.42,False,18.18,Low,legitimate,2025-05-31,activated,2.5
U01225,Nigeria,54.66,88.66,61.12,False,44.24,Low,legitimate,2025-06-28,activated,3.9
U01226,USA,15.13,96.85,4.52,False,7.29,Low,legitimate,2025-06-24,activated,4.7
U01227,USA,9.79,66.72,11.59,False,17.56,Low,legitimate,2025-02-01,activated,4.3
U01228,Russia,58.67,75.59,83.08,False,58.16,Medium,legitimate,2025-02-07,document_uploaded,
U01229,Switzerland,27.84,95.0,14.21,False,15.54,Low,flagged_risky,2025-06-10,document_uploaded,
U01230,Germany,20.04,40.65,0.0,False,23.82,Low,legitimate,2025-04-24,activated,3.9
U01231,India,61.05,32.49,29.17,False,50.24,Medium,flagged_risky,2025-04-08,activated,19.0
U01232,Germany,14.49,87.45,5.49,False,10.31,Low,legitimate,2025-05-25,activated,3.2
U01233,UAE,7.64,83.99,38.78,False,22.61,Low,legitimate,2025-01-12,activated,5.3
U01234,Germany,79.39,79.56,0.0,False,29.95,Low,legitimate,2025-04-10,activated,4.7
U01235,Switzerland,100.0,81.81,0.0,False,35.46,Low,legitimate,2025-04-14,activated,4.4
U01236,Germany,32.72,60.72,4.6,False,23.44,Low,legitimate,2025-06-18,activated,2.6
U01237,USA,1.42,79.32,18.78,False,14.14,Low,legitimate,2025-03-26,activated,5.3
U01238,Germany,32.41,85.97,1.37,False,14.48,Low,legitimate,2025-04-03,activated,4.9
U01239,Germany,63.35,73.12,10.96,False,31.45,Low,flagged_risky,2025-05-25,activated,5.2
U01240,Nigeria,74.34,75.36,79.53,False,61.5,Medium,legitimate,2025-02-18,activated,18.2
U01241,UK,15.9,86.01,3.28,False,10.28,Low,legitimate,2025-01-13,activated,3.9
U01242,UK,28.86,98.12,60.78,False,33.53,Low,legitimate,2025-03-26,activated,3.8
U01243,Switzerland,42.69,95.21,17.22,False,21.14,Low,legitimate,2025-04-20,activated,6.7
U01244,UK,60.97,46.41,11.24,False,38.86,Low,flagged_risky,2025-03-29,selfie_uploaded,
U01245,Singapore,56.79,68.22,4.84,False,28.51,Low,legitimate,2025-05-08,activated,2.6
U01246,India,50.9,77.85,48.47,False,41.3,Low,legitimate,2025-02-15,activated,3.6
U01247,Germany,74.22,50.06,9.24,False,40.94,Low,legitimate,2025-01-03,activated,3.4
U01248,Nigeria,34.42,68.38,79.94,False,51.79,Medium,legitimate,2025-05-22,activated,24.8
U01249,Russia,91.35,82.12,100.0,True,72.77,High,flagged_risky,2025-06-03,activated,32.6
U01250,Switzerland,23.63,85.38,4.91,False,13.44,Low,legitimate,2025-04-22,activated,3.3
U01251,Switzerland,57.38,64.31,12.32,False,32.85,Low,flagged_risky,2025-02-26,activated,4.2
U01252,Switzerland,26.29,65.11,10.88,False,22.71,Low,legitimate,2025-03-08,activated,5.5
U01253,India,33.07,80.69,47.19,False,34.59,Low,legitimate,2025-03-28,activated,4.9
U01254,Germany,36.87,70.06,7.06,True,22.87,High,legitimate,2025-03-17,activated,81.7
U01255,Nigeria,25.19,63.26,70.37,False,46.73,Low,legitimate,2025-02-10,activated,4.4
U01256,UAE,100.0,85.21,41.45,False,51.01,Medium,flagged_risky,2025-03-08,document_uploaded,
U01257,Brazil,27.25,78.76,54.34,False,36.28,Low,flagged_risky,2025-02-23,activated,5.0
U01258,India,35.55,76.63,28.77,False,29.19,Low,flagged_risky,2025-03-22,activated,2.4
U01259,Iran,53.01,87.9,100.0,False,59.53,Medium,flagged_risky,2025-03-09,activated,8.8
U01260,Switzerland,100.0,61.54,12.2,False,46.42,Low,legitimate,2025-04-06,activated,5.2
U01261,USA,54.3,70.76,6.15,False,27.52,Low,legitimate,2025-05-26,activated,4.3
U01262,UK,37.79,71.46,25.87,False,30.25,Low,legitimate,2025-03-01,activated,5.2
U01263,Russia,6.41,93.18,98.11,False,43.21,Low,legitimate,2025-01-11,activated,3.0
U01264,India,32.44,61.84,47.02,False,39.99,Low,legitimate,2025-05-28,activated,5.5
U01265,Brazil,21.91,87.69,60.84,False,34.61,Low,flagged_risky,2025-02-03,activated,4.8
U01266,Germany,28.58,70.53,12.77,False,22.52,Low,legitimate,2025-06-17,activated,4.0
U01267,Cayman Islands,25.88,95.13,67.05,False,36.04,Low,legitimate,2025-04-06,activated,4.2
U01268,USA,95.89,58.14,1.4,False,41.88,Low,legitimate,2025-04-05,activated,4.4
U01269,USA,31.95,77.33,20.3,False,24.5,Low,legitimate,2025-03-15,activated,3.0
U01270,Cayman Islands,18.03,61.02,76.67,False,47.77,Low,legitimate,2025-05-09,activated,3.5
U01271,UK,65.08,93.29,6.77,False,24.25,Low,legitimate,2025-04-28,activated,4.4
U01272,UK,13.23,42.91,14.44,False,26.87,Low,legitimate,2025-06-17,activated,3.5
U01273,India,36.59,94.99,43.54,True,29.9,High,flagged_risky,2025-01-03,selfie_uploaded,
U01274,Germany,32.61,75.57,0.0,False,17.11,Low,legitimate,2025-02-04,activated,4.4
U01275,UK,45.96,80.96,10.96,False,23.89,Low,legitimate,2025-02-19,activated,5.0
U01276,Germany,74.72,71.12,25.59,False,41.32,Low,flagged_risky,2025-02-04,activated,5.3
U01277,Switzerland,100.0,38.2,0.0,False,48.54,Low,legitimate,2025-06-20,activated,4.6
U01278,Nigeria,37.77,72.95,77.83,False,50.58,Medium,flagged_risky,2025-01-14,activated,22.4
U01279,India,21.64,80.15,33.64,False,25.9,Low,flagged_risky,2025-01-22,activated,5.2
U01280,UK,20.06,41.33,19.91,False,31.58,Low,legitimate,2025-03-21,document_uploaded,
U01281,USA,19.98,85.64,27.88,False,21.45,Low,legitimate,2025-02-17,activated,1.5
U01282,USA,44.83,94.74,24.67,False,24.89,Low,legitimate,2025-03-01,activated,5.4
U01283,India,4.99,92.23,95.4,False,41.99,Low,legitimate,2025-04-19,signup_started,
U01284,Russia,12.55,47.37,67.64,True,46.61,High,flagged_risky,2025-04-11,activated,36.3
U01285,Russia,44.86,65.76,88.02,False,58.94,Medium,flagged_risky,2025-06-05,verification_complete,
U01286,UK,67.2,80.97,7.33,False,28.8,Low,flagged_risky,2025-03-23,activated,7.0
U01287,UK,67.46,80.6,17.34,False,32.99,Low,legitimate,2025-06-18,details_entered,
U01288,USA,39.02,77.75,20.32,False,26.51,Low,legitimate,2025-02-04,activated,2.8
U01289,India,61.66,43.76,42.37,False,52.32,Medium,legitimate,2025-02-05,document_uploaded,
U01290,USA,75.55,65.97,21.03,False,41.29,Low,flagged_risky,2025-03-12,activated,4.0
U01291,India,26.95,58.17,30.41,False,32.8,Low,legitimate,2025-01-22,activated,4.7
U01292,India,70.67,25.82,25.85,False,53.79,Medium,legitimate,2025-01-06,activated,19.5
U01293,UK,9.07,90.53,22.85,False,14.7,Low,legitimate,2025-03-08,activated,2.9
U01294,UK,12.24,65.82,16.67,False,20.59,Low,legitimate,2025-04-07,document_uploaded,
U01295,UK,28.16,95.87,25.34,False,19.82,Low,legitimate,2025-02-19,activated,3.3
U01296,Switzerland,8.0,92.4,7.6,False,7.72,Low,legitimate,2025-02-18,activated,5.3
U01297,Germany,53.23,67.98,0.0,False,25.58,Low,legitimate,2025-01-18,activated,4.1
U01298,UAE,24.03,85.49,50.7,False,31.84,Low,legitimate,2025-01-21,activated,3.1
U01299,UK,32.86,73.41,11.67,False,22.5,Low,legitimate,2025-06-08,verification_complete,
U01300,Germany,33.74,54.89,15.08,False,29.69,Low,legitimate,2025-01-12,activated,4.5
U01301,India,27.64,82.62,32.17,False,26.38,Low,legitimate,2025-05-07,activated,3.4
U01302,UAE,19.88,73.08,56.8,False,36.76,Low,legitimate,2025-05-09,document_uploaded,
U01303,Singapore,51.54,80.53,2.11,False,22.15,Low,legitimate,2025-02-06,activated,4.8
U01304,Brazil,23.64,59.23,44.96,False,37.31,Low,legitimate,2025-02-14,activated,5.4
U01305,Russia,33.42,37.28,78.97,False,60.43,Medium,legitimate,2025-03-08,activated,21.8
U01306,India,46.28,81.43,28.17,False,30.72,Low,flagged_risky,2025-04-29,activated,3.7
U01307,UAE,75.15,80.56,44.97,False,46.37,Low,flagged_risky,2025-01-07,selfie_uploaded,
U01308,Switzerland,71.37,74.39,22.51,False,38.1,Low,legitimate,2025-05-27,activated,4.2
U01309,Russia,25.27,90.77,73.59,False,39.79,Low,legitimate,2025-03-03,activated,4.4
U01310,UK,19.07,85.67,18.56,False,17.44,Low,legitimate,2025-03-31,activated,4.1
U01311,Russia,85.06,45.41,53.26,False,63.2,Medium,flagged_risky,2025-06-13,signup_started,
U01312,India,23.54,66.25,37.65,False,32.25,Low,legitimate,2025-01-24,document_uploaded,
U01313,Switzerland,50.16,55.25,5.18,False,30.55,Low,legitimate,2025-06-20,activated,2.9
U01314,Switzerland,7.59,44.13,0.63,False,19.29,Low,legitimate,2025-04-21,document_uploaded,
U01315,UAE,4.85,61.04,51.73,False,33.84,Low,legitimate,2025-03-18,activated,6.0
U01316,India,37.75,84.47,35.06,False,30.01,Low,legitimate,2025-01-13,activated,3.7
U01317,Switzerland,30.23,45.12,6.4,False,28.09,Low,flagged_risky,2025-01-13,activated,4.5
U01318,UAE,58.94,97.86,38.61,False,33.77,Low,legitimate,2025-05-28,activated,4.0
U01319,Nigeria,20.07,58.24,52.75,False,39.65,Low,legitimate,2025-03-14,activated,4.6
U01320,USA,43.93,75.1,7.81,False,23.78,Low,legitimate,2025-05-18,activated,4.1
U01321,USA,56.88,55.42,26.65,False,41.1,Low,legitimate,2025-05-30,activated,3.4
U01322,Switzerland,20.71,84.1,0.0,False,10.98,Low,flagged_risky,2025-03-14,activated,2.9
U01323,Brazil,28.14,67.27,41.1,False,34.7,Low,legitimate,2025-02-26,document_uploaded,
U01324,UK,14.41,60.47,11.4,False,20.74,Low,legitimate,2025-02-18,activated,4.5
U01325,Nigeria,60.34,63.32,85.69,False,63.38,Medium,flagged_risky,2025-04-25,document_uploaded,
U01326,UK,51.98,63.78,21.92,False,35.23,Low,flagged_risky,2025-05-08,activated,4.5
U01327,India,54.59,74.47,32.99,False,37.23,Low,legitimate,2025-03-04,activated,5.2
U01328,Singapore,30.14,92.51,21.74,False,19.99,Low,legitimate,2025-04-13,activated,2.9
U01329,Germany,51.39,74.49,5.34,False,25.2,Low,legitimate,2025-04-08,details_entered,
U01330,Brazil,32.12,81.24,57.08,False,38.1,Low,legitimate,2025-01-27,activated,4.6
U01331,USA,94.35,89.32,5.77,False,33.82,Low,legitimate,2025-04-05,document_uploaded,
U01332,India,35.65,89.11,47.66,False,33.02,Low,legitimate,2025-05-17,activated,7.2
U01333,Cayman Islands,68.73,65.55,78.34,True,62.29,High,legitimate,2025-06-23,activated,61.7
U01334,Cayman Islands,30.27,71.23,72.74,False,46.81,Low,flagged_risky,2025-03-02,activated,3.2
U01335,Nigeria,81.97,57.61,68.05,False,64.53,Medium,legitimate,2025-02-12,activated,11.5
U01336,Germany,19.03,92.24,14.5,False,13.84,Low,flagged_risky,2025-06-10,activated,2.9
U01337,India,47.76,43.68,33.55,False,44.64,Low,legitimate,2025-06-15,activated,3.1
U01338,Nigeria,22.1,95.26,74.99,False,38.05,Low,legitimate,2025-05-30,activated,1.0
U01339,UK,42.64,70.52,9.75,False,25.54,Low,legitimate,2025-03-02,activated,3.2
U01340,Switzerland,23.63,93.04,13.58,False,14.61,Low,legitimate,2025-02-19,activated,4.9
U01341,Brazil,35.55,75.05,51.98,False,38.94,Low,legitimate,2025-04-23,activated,4.1
U01342,USA,26.29,68.07,17.45,False,24.45,Low,legitimate,2025-02-15,details_entered,
U01343,India,55.56,79.52,34.03,False,36.42,Low,legitimate,2025-05-19,activated,2.1
U01344,Iran,49.11,85.12,100.0,False,59.2,Medium,legitimate,2025-03-13,activated,23.7
U01345,India,64.58,62.37,42.95,False,47.84,Low,legitimate,2025-02-28,activated,4.6
U01346,USA,21.02,95.53,36.56,False,22.27,Low,legitimate,2025-05-25,selfie_uploaded,
U01347,UK,17.74,86.65,23.45,False,18.71,Low,legitimate,2025-03-05,activated,1.4
U01348,USA,15.01,93.12,26.78,False,17.28,Low,legitimate,2025-01-24,activated,3.4
U01349,Switzerland,58.05,91.71,35.8,False,34.22,Low,legitimate,2025-05-24,activated,4.5
U01350,Brazil,16.93,93.75,52.64,False,28.01,Low,legitimate,2025-02-26,activated,4.0
U01351,Brazil,45.11,10.19,52.36,False,61.42,Medium,flagged_risky,2025-04-28,document_uploaded,
U01352,Singapore,24.63,45.28,16.34,False,30.34,Low,legitimate,2025-04-29,activated,4.8
U01353,UK,67.45,90.31,5.92,False,25.51,Low,flagged_risky,2025-01-15,activated,4.2
U01354,Nigeria,100.0,62.84,66.0,False,67.55,Medium,flagged_risky,2025-01-07,activated,21.5
U01355,Switzerland,1.32,11.56,3.44,False,28.31,Low,legitimate,2025-05-28,selfie_uploaded,
U01356,India,18.84,74.76,43.83,False,30.75,Low,legitimate,2025-01-11,activated,2.5
U01357,USA,24.33,66.33,16.43,False,23.97,Low,legitimate,2025-03-01,activated,4.6
U01358,UAE,30.91,62.12,43.24,False,37.93,Low,legitimate,2025-05-18,activated,4.8
U01359,Germany,29.54,54.42,21.79,False,31.25,Low,legitimate,2025-02-01,activated,4.6
U01360,UAE,12.09,80.27,49.77,False,29.45,Low,legitimate,2025-04-05,activated,4.2
U01361,UK,100.0,98.26,13.54,True,35.94,High,legitimate,2025-01-21,activated,49.7
U01362,India,30.33,41.15,31.97,False,39.54,Low,flagged_risky,2025-04-11,activated,4.3
U01363,Switzerland,48.96,82.78,18.22,False,27.14,Low,legitimate,2025-05-09,activated,4.5
U01364,USA,100.0,70.7,24.97,True,48.78,High,legitimate,2025-02-14,activated,62.2
U01365,India,9.76,83.97,23.54,False,17.16,Low,legitimate,2025-02-20,activated,7.1
U01366,Germany,27.43,28.66,9.18,False,33.3,Low,legitimate,2025-04-06,document_uploaded,
U01367,Germany,58.05,56.79,13.49,False,35.77,Low,flagged_risky,2025-05-23,activated,7.9
U01368,Germany,85.33,86.81,19.01,False,37.16,Low,legitimate,2025-04-09,activated,2.5
U01369,UK,27.86,91.55,23.19,False,20.17,Low,flagged_risky,2025-05-07,activated,4.5
U01370,Switzerland,11.5,75.52,10.56,False,15.02,Low,flagged_risky,2025-03-16,activated,2.6
U01371,Russia,22.78,57.12,83.27,False,53.0,Medium,legitimate,2025-01-24,details_entered,
U01372,USA,26.97,73.15,18.58,False,23.58,Low,flagged_risky,2025-06-23,activated,5.2
U01373,Brazil,26.22,46.79,41.94,False,40.6,Low,legitimate,2025-05-24,activated,4.0
U01374,Cayman Islands,17.75,96.16,79.65,False,38.34,Low,legitimate,2025-01-09,activated,5.2
U01375,Switzerland,10.41,69.39,8.17,False,15.57,Low,legitimate,2025-02-19,selfie_uploaded,
U01376,India,14.29,66.47,37.69,False,29.42,Low,legitimate,2025-03-16,document_uploaded,
U01377,Nigeria,67.25,84.03,53.03,False,46.18,Low,legitimate,2025-01-15,activated,4.8
U01378,India,57.41,72.54,34.42,False,39.23,Low,legitimate,2025-06-04,activated,4.0
U01379,USA,72.21,53.55,18.51,False,43.0,Low,legitimate,2025-02-01,selfie_uploaded,
U01380,USA,38.34,85.52,15.47,False,22.03,Low,legitimate,2025-02-07,activated,3.5
U01381,Switzerland,14.64,69.24,5.78,False,15.93,Low,legitimate,2025-02-27,activated,4.5
U01382,India,23.95,92.82,42.39,False,26.3,Low,legitimate,2025-06-18,activated,3.0
U01383,Iran,5.1,73.56,86.29,False,43.98,Low,legitimate,2025-02-10,activated,4.5
U01384,Cayman Islands,86.37,84.45,67.35,False,57.52,Medium,legitimate,2025-03-18,signup_started,
U01385,Switzerland,21.17,69.21,4.87,False,17.53,Low,legitimate,2025-05-03,activated,6.5
U01386,UAE,46.22,69.58,48.88,False,42.54,Low,legitimate,2025-01-29,verification_complete,
U01387,UK,68.96,85.18,30.19,False,37.21,Low,legitimate,2025-01-17,activated,4.2
U01388,Russia,100.0,10.67,85.04,False,90.82,High,flagged_risky,2025-01-17,activated,59.3
U01389,Switzerland,61.62,89.79,0.0,False,21.55,Low,legitimate,2025-02-03,activated,3.5
U01390,Russia,26.1,67.45,75.91,False,47.96,Low,legitimate,2025-02-28,activated,3.4
U01391,Brazil,50.48,75.04,50.31,False,42.76,Low,legitimate,2025-06-19,activated,5.0
U01392,Switzerland,99.4,73.21,9.6,False,41.7,Low,flagged_risky,2025-06-15,activated,3.6
U01393,Switzerland,21.01,75.68,12.85,False,18.74,Low,legitimate,2025-04-13,activated,4.4
U01394,Brazil,9.93,82.9,39.75,False,24.01,Low,legitimate,2025-06-19,activated,2.8
U01395,Germany,17.87,86.57,12.58,False,14.42,Low,legitimate,2025-01-06,activated,5.6
U01396,India,48.24,60.71,41.78,False,42.97,Low,legitimate,2025-04-12,activated,3.6
U01397,Russia,26.6,51.41,85.43,False,56.73,Medium,legitimate,2025-03-21,activated,23.9
U01398,India,33.22,86.45,30.75,False,26.33,Low,legitimate,2025-01-22,activated,3.2
U01399,UK,53.79,56.53,11.89,False,33.93,Low,flagged_risky,2025-04-10,signup_started,
U01400,USA,17.54,87.58,0.0,True,8.99,High,legitimate,2025-03-24,activated,76.9
U01401,Switzerland,32.05,64.23,2.41,True,21.31,High,legitimate,2025-05-18,verification_complete,
U01402,Cayman Islands,23.63,80.66,77.28,False,43.8,Low,legitimate,2025-03-17,activated,2.1
U01403,UK,96.88,76.39,5.82,False,38.48,Low,flagged_risky,2025-03-19,selfie_uploaded,
U01404,Germany,60.36,37.93,13.49,False,42.13,Low,legitimate,2025-02-11,document_uploaded,
U01405,Singapore,26.74,80.71,9.5,False,17.61,Low,legitimate,2025-03-27,activated,4.9
U01406,Cayman Islands,25.63,60.22,61.67,False,44.29,Low,legitimate,2025-01-14,activated,3.1
U01407,Switzerland,100.0,94.4,9.94,False,35.66,Low,legitimate,2025-04-12,activated,3.2
U01408,Nigeria,98.55,83.14,61.65,False,59.28,Medium,legitimate,2025-03-10,document_uploaded,
U01409,UAE,48.02,87.04,46.37,False,36.84,Low,legitimate,2025-02-19,activated,5.6
U01410,Brazil,34.34,79.96,36.46,False,30.9,Low,legitimate,2025-03-08,activated,3.9
U01411,Cayman Islands,12.29,91.58,82.27,False,39.12,Low,legitimate,2025-06-10,selfie_uploaded,
U01412,Nigeria,18.0,81.44,67.45,False,37.95,Low,flagged_risky,2025-05-07,activated,5.0
U01413,Russia,11.47,61.94,80.73,True,47.15,High,flagged_risky,2025-06-03,activated,90.5
U01414,Germany,70.76,94.61,13.12,False,28.09,Low,legitimate,2025-03-12,activated,2.6
U01415,Brazil,12.46,87.44,45.7,False,25.79,Low,legitimate,2025-03-12,activated,3.2
U01416,India,25.38,81.54,24.17,False,22.82,Low,flagged_risky,2025-01-03,activated,3.4
U01417,India,6.23,64.93,24.71,False,22.27,Low,legitimate,2025-05-03,activated,5.0
U01418,Nigeria,9.02,56.55,64.75,False,41.64,Low,legitimate,2025-01-04,activated,3.7
U01419,Cayman Islands,55.43,68.65,81.93,True,58.81,High,legitimate,2025-06-25,activated,60.2
U01420,UAE,43.13,60.67,36.53,False,39.35,Low,legitimate,2025-05-04,activated,4.1
U01421,USA,35.23,77.82,23.63,False,26.67,Low,legitimate,2025-03-25,activated,4.0
U01422,USA,25.74,80.1,15.49,False,19.89,Low,legitimate,2025-04-29,details_entered,
U01423,UK,7.93,93.64,69.59,False,32.12,Low,flagged_risky,2025-06-28,activated,5.2
U01424,UK,23.18,28.19,12.5,False,33.49,Low,legitimate,2025-01-29,activated,2.8
U01425,UK,30.66,68.82,17.03,False,25.37,Low,legitimate,2025-05-15,activated,3.8
U01426,Switzerland,100.0,47.88,10.92,False,50.01,Medium,legitimate,2025-06-05,selfie_uploaded,
U01427,Switzerland,68.24,87.32,24.91,False,34.24,Low,flagged_risky,2025-04-16,activated,4.3
U01428,Brazil,56.59,70.3,41.98,False,42.68,Low,legitimate,2025-04-30,activated,3.8
U01429,USA,42.95,32.79,17.34,False,39.98,Low,legitimate,2025-04-02,activated,5.3
U01430,Russia,34.84,69.61,81.84,False,52.31,Medium,flagged_risky,2025-01-28,activated,18.0
U01431,India,40.06,97.2,37.79,False,27.97,Low,legitimate,2025-06-26,document_uploaded,
U01432,Switzerland,21.99,70.57,3.49,False,16.82,Low,legitimate,2025-02-21,activated,3.7
U01433,Germany,37.0,83.59,0.0,False,16.03,Low,legitimate,2025-03-11,activated,6.1
U01434,Germany,30.53,27.37,7.4,False,33.91,Low,legitimate,2025-06-25,activated,2.1
U01435,Cayman Islands,100.0,6.54,72.34,False,86.97,High,flagged_risky,2025-01-11,document_uploaded,
U01436,Germany,40.77,37.19,0.0,False,31.07,Low,legitimate,2025-03-15,activated,4.0
U01437,USA,4.65,83.12,10.84,False,10.79,Low,legitimate,2025-04-11,activated,3.2
U01438,Russia,24.71,95.18,100.0,False,48.86,Low,flagged_risky,2025-02-12,selfie_uploaded,
U01439,Cayman Islands,28.11,88.08,87.25,False,46.91,Low,legitimate,2025-05-01,activated,3.9
U01440,Singapore,61.7,69.65,15.41,False,33.78,Low,legitimate,2025-04-05,activated,4.3
U01441,Switzerland,44.42,50.15,0.0,False,28.28,Low,legitimate,2025-02-17,activated,4.1
U01442,Germany,42.89,47.63,9.66,False,32.44,Low,flagged_risky,2025-02-06,document_uploaded,
U01443,Switzerland,80.38,82.48,0.0,False,29.37,Low,flagged_risky,2025-02-21,activated,2.5
U01444,Germany,98.84,92.11,7.55,False,35.04,Low,legitimate,2025-05-23,details_entered,
U01445,India,55.38,44.28,41.59,False,49.96,Low,legitimate,2025-04-04,selfie_uploaded,
U01446,Russia,26.17,50.21,85.42,False,56.96,Medium,legitimate,2025-05-23,activated,14.4
U01447,India,26.77,92.82,31.58,False,22.82,Low,legitimate,2025-05-10,details_entered,
U01448,India,73.85,71.49,47.47,False,49.69,Low,legitimate,2025-05-25,activated,5.4
U01449,Germany,26.71,70.66,0.0,False,16.81,Low,legitimate,2025-06-03,activated,6.8
U01450,Brazil,33.17,74.17,36.77,False,32.41,Low,legitimate,2025-04-22,activated,3.5
U01451,India,24.3,71.78,44.39,False,33.51,Low,legitimate,2025-03-06,activated,3.0
U01452,Nigeria,14.42,61.02,85.04,False,50.04,Medium,legitimate,2025-05-05,verification_complete,
U01453,Russia,100.0,65.35,82.44,False,73.37,Medium,flagged_risky,2025-06-20,selfie_uploaded,
U01454,UK,33.33,89.58,14.64,False,18.98,Low,legitimate,2025-02-27,activated,5.8
U01455,Switzerland,87.78,65.01,0.0,False,36.83,Low,legitimate,2025-03-29,document_uploaded,
U01456,Singapore,26.98,81.77,0.0,False,13.56,Low,legitimate,2025-06-08,activated,3.8
U01457,USA,21.16,84.65,19.16,False,18.62,Low,legitimate,2025-04-18,activated,5.0
U01458,Russia,52.29,95.94,74.78,True,46.82,High,flagged_risky,2025-01-26,verification_complete,
U01459,UK,100.0,72.52,5.05,True,40.26,High,flagged_risky,2025-03-05,signup_started,
U01460,Brazil,70.91,43.43,48.59,False,57.68,Medium,legitimate,2025-02-15,selfie_uploaded,
U01461,India,30.36,38.35,39.04,False,43.22,Low,legitimate,2025-03-27,details_entered,
U01462,Germany,55.96,89.11,20.5,False,28.25,Low,legitimate,2025-06-28,activated,5.1
U01463,UK,23.0,81.68,16.23,False,18.89,Low,flagged_risky,2025-06-01,activated,2.9
U01464,India,36.67,64.71,49.06,False,41.21,Low,legitimate,2025-06-22,activated,5.6
U01465,UAE,28.24,56.53,42.07,False,38.34,Low,flagged_risky,2025-05-14,activated,5.2
U01466,USA,25.13,90.82,16.96,True,17.08,High,legitimate,2025-04-02,document_uploaded,
U01467,Singapore,37.75,64.36,19.58,False,29.85,Low,legitimate,2025-04-29,activated,5.1
U01468,UAE,14.09,80.73,33.19,False,23.29,Low,legitimate,2025-03-31,activated,5.0
U01469,Germany,64.46,62.94,37.33,False,45.39,Low,legitimate,2025-01-08,activated,5.0
U01470,Russia,25.21,88.34,81.38,False,43.61,Low,legitimate,2025-01-22,activated,5.9
U01471,Germany,62.48,94.14,15.43,False,26.67,Low,legitimate,2025-04-10,activated,4.0
U01472,Switzerland,75.6,88.08,12.73,False,31.35,Low,legitimate,2025-04-29,activated,4.4
U01473,USA,25.14,57.2,34.89,False,34.34,Low,legitimate,2025-02-15,activated,1.0
U01474,USA,14.05,72.14,25.13,False,22.63,Low,legitimate,2025-01-06,activated,5.3
U01475,USA,13.6,76.41,3.55,False,12.58,Low,legitimate,2025-01-13,activated,5.2
U01476,USA,18.6,74.13,30.63,False,25.59,Low,legitimate,2025-02-26,activated,5.6
U01477,Iran,16.94,78.42,92.93,False,48.73,Low,legitimate,2025-06-05,activated,2.9
U01478,USA,14.16,83.12,18.96,False,16.9,Low,legitimate,2025-03-17,activated,5.2
U01479,USA,34.92,56.04,6.49,False,26.26,Low,flagged_risky,2025-06-25,activated,5.2
U01480,USA,51.61,61.26,22.74,False,36.2,Low,legitimate,2025-06-10,activated,3.2
U01481,Switzerland,53.42,70.01,2.14,False,25.88,Low,flagged_risky,2025-06-04,activated,5.3
U01482,India,7.35,66.22,38.9,False,27.9,Low,legitimate,2025-06-24,signup_started,
U01483,Singapore,28.1,63.1,7.44,False,22.48,Low,legitimate,2025-02-13,activated,2.0
U01484,India,26.06,85.1,55.33,False,34.42,Low,flagged_risky,2025-06-25,activated,4.7
U01485,Switzerland,81.3,45.63,25.84,False,51.04,Medium,legitimate,2025-06-16,activated,13.9
U01486,Iran,28.91,94.53,96.42,False,48.88,Low,legitimate,2025-05-24,activated,2.0
U01487,USA,32.86,46.92,18.58,False,33.21,Low,legitimate,2025-02-04,verification_complete,
U01488,Nigeria,74.28,79.47,66.64,False,55.1,Medium,flagged_risky,2025-02-22,activated,17.6
U01489,USA,18.21,83.04,27.95,False,21.73,Low,legitimate,2025-04-28,activated,5.7
U01490,Switzerland,9.58,91.07,5.04,False,7.57,Low,legitimate,2025-01-09,activated,4.2
U01491,Brazil,36.52,79.75,44.21,False,34.72,Low,legitimate,2025-05-28,verification_complete,
U01492,India,82.96,80.45,46.81,False,49.48,Low,flagged_risky,2025-03-18,activated,4.6
U01493,Brazil,18.72,65.81,43.16,False,33.14,Low,legitimate,2025-01-04,activated,5.2
U01494,USA,29.08,60.79,17.66,False,27.55,Low,flagged_risky,2025-02-23,activated,2.9
U01495,India,17.03,81.54,23.77,False,20.16,Low,legitimate,2025-03-13,activated,4.2
U01496,Nigeria,85.87,93.15,76.34,False,58.35,Medium,flagged_risky,2025-04-28,document_uploaded,
U01497,India,37.06,93.18,55.47,False,35.35,Low,legitimate,2025-04-19,activated,4.8
U01498,UK,100.0,73.34,21.49,False,46.59,Low,legitimate,2025-03-08,activated,4.3
U01499,UAE,80.36,93.13,55.16,False,48.23,Low,flagged_risky,2025-04-22,activated,3.3
U01500,UAE,100.0,87.8,34.39,False,47.41,Low,legitimate,2025-06-10,activated,3.6
U01501,Cayman Islands,62.84,66.36,84.13,False,62.6,Medium,flagged_risky,2025-03-05,selfie_uploaded,
U01502,UK,28.8,84.79,6.51,False,15.81,Low,legitimate,2025-03-09,verification_complete,
U01503,USA,25.96,44.65,15.95,False,30.77,Low,legitimate,2025-01-19,activated,4.9
U01504,Brazil,18.82,96.42,54.95,False,28.7,Low,legitimate,2025-03-10,activated,5.5
U01505,USA,2.59,97.6,18.92,False,9.06,Low,legitimate,2025-02-21,activated,4.7
U01506,UAE,28.46,41.82,29.29,False,37.71,Low,legitimate,2025-05-17,verification_complete,
U01507,USA,100.0,82.07,6.16,False,37.85,Low,legitimate,2025-01-21,activated,5.1
U01508,Germany,83.11,50.72,0.0,False,39.72,Low,legitimate,2025-04-17,selfie_uploaded,
U01509,UAE,100.0,56.38,46.42,False,61.66,Medium,flagged_risky,2025-05-19,signup_started,
U01510,Germany,39.01,76.9,30.58,False,30.86,Low,legitimate,2025-02-15,activated,4.5
U01511,Germany,12.28,81.32,24.26,False,18.99,Low,legitimate,2025-01-13,selfie_uploaded,
U01512,India,49.35,66.83,20.94,False,33.13,Low,legitimate,2025-05-02,activated,4.0
U01513,UAE,100.0,71.92,54.79,False,60.34,Medium,legitimate,2025-04-16,document_uploaded,
U01514,Nigeria,90.77,64.85,78.43,False,69.15,Medium,flagged_risky,2025-04-12,document_uploaded,
U01515,Singapore,23.76,75.12,0.0,False,14.59,Low,legitimate,2025-06-08,activated,4.2
U01516,Switzerland,13.32,80.99,67.02,False,36.51,Low,legitimate,2025-01-19,activated,2.2
U01517,Cayman Islands,73.25,56.36,91.86,False,71.81,Medium,flagged_risky,2025-02-05,activated,15.5
U01518,Germany,19.79,82.42,16.95,False,17.99,Low,legitimate,2025-03-26,activated,1.1
U01519,Germany,22.22,93.16,0.22,False,8.8,Low,legitimate,2025-04-12,verification_complete,
U01520,Singapore,27.23,88.43,15.5,False,17.84,Low,legitimate,2025-06-15,activated,5.4
U01521,India,53.79,75.74,18.76,False,30.92,Low,legitimate,2025-04-22,activated,4.1
U01522,Nigeria,26.54,87.66,67.99,False,38.86,Low,legitimate,2025-02-08,activated,6.2
U01523,Brazil,35.51,85.62,58.24,False,38.26,Low,legitimate,2025-06-03,document_uploaded,
U01524,UAE,8.96,74.72,42.17,False,27.14,Low,legitimate,2025-03-16,activated,4.6
U01525,Germany,18.84,71.34,7.51,False,17.25,Low,legitimate,2025-06-06,activated,3.9
U01526,UK,18.14,88.39,23.0,False,18.13,Low,flagged_risky,2025-02-19,activated,3.6
U01527,USA,7.57,87.92,26.77,False,16.6,Low,legitimate,2025-05-23,activated,4.7
U01528,Germany,26.04,40.59,23.79,False,35.15,Low,legitimate,2025-04-07,activated,3.8
U01529,Singapore,9.02,83.23,17.87,False,14.89,Low,legitimate,2025-04-11,activated,4.7
U01530,UK,24.67,89.64,24.73,False,20.4,Low,legitimate,2025-06-25,activated,4.7
U01531,Germany,37.48,87.92,18.6,False,22.3,Low,legitimate,2025-01-28,activated,3.7
U01532,India,84.62,86.15,40.39,False,45.7,Low,legitimate,2025-02-25,activated,5.3
U01533,UAE,68.59,42.77,42.81,False,54.87,Medium,legitimate,2025-02-02,activated,16.8
U01534,Switzerland,36.74,48.59,5.86,False,28.79,Low,flagged_risky,2025-05-30,activated,4.0
U01535,USA,20.89,33.31,7.09,False,29.11,Low,legitimate,2025-06-03,activated,2.8
U01536,Brazil,8.55,51.72,39.4,False,32.81,Low,legitimate,2025-05-31,activated,3.7
U01537,UAE,85.25,96.19,39.46,True,42.5,High,legitimate,2025-02-12,details_entered,
U01538,Brazil,38.68,85.83,50.17,False,35.93,Low,flagged_risky,2025-02-16,activated,2.9
U01539,USA,47.66,87.49,30.97,False,30.44,Low,legitimate,2025-03-14,activated,4.5
U01540,Brazil,94.18,80.5,47.62,False,53.15,Medium,legitimate,2025-05-20,activated,15.5
U01541,Singapore,24.58,71.06,19.03,False,23.67,Low,legitimate,2025-05-16,activated,1.3
U01542,UK,11.73,79.89,24.71,False,19.44,Low,legitimate,2025-06-27,activated,4.7
U01543,Germany,17.2,86.42,9.92,False,13.2,Low,legitimate,2025-05-22,activated,3.3
U01544,USA,10.78,50.5,23.35,False,27.42,Low,legitimate,2025-06-21,activated,4.4
U01545,UK,70.57,64.77,12.81,False,36.86,Low,flagged_risky,2025-02-17,document_uploaded,
U01546,Singapore,100.0,63.07,21.9,False,49.84,Low,flagged_risky,2025-04-20,activated,4.3
U01547,UAE,37.19,79.87,47.72,False,36.29,Low,legitimate,2025-04-06,activated,4.4
U01548,UK,54.81,75.27,4.29,False,25.58,Low,legitimate,2025-01-28,activated,3.0
U01549,Singapore,64.58,23.3,11.45,False,46.97,Low,flagged_risky,2025-06-20,activated,4.8
U01550,Germany,98.17,74.83,26.83,False,47.74,Low,legitimate,2025-01-22,activated,3.8
U01551,USA,100.0,79.07,16.37,False,42.83,Low,legitimate,2025-06-03,activated,1.6
U01552,UK,5.88,78.32,19.03,False,15.88,Low,legitimate,2025-02-18,activated,5.0
U01553,UK,21.36,56.52,19.91,False,27.42,Low,flagged_risky,2025-02-09,selfie_uploaded,
U01554,Singapore,34.26,79.52,0.67,False,16.69,Low,legitimate,2025-04-19,activated,5.8
U01555,Brazil,19.35,66.71,52.6,False,36.83,Low,legitimate,2025-03-26,activated,6.6
U01556,Russia,27.75,58.57,65.46,False,46.94,Low,flagged_risky,2025-03-11,details_entered,
U01557,USA,45.58,91.55,12.37,False,21.16,Low,legitimate,2025-06-12,activated,4.6
U01558,India,44.74,8.58,47.68,False,59.92,Medium,legitimate,2025-05-06,activated,23.9
U01559,Nigeria,100.0,63.67,73.21,False,70.18,Medium,legitimate,2025-04-20,activated,13.2
U01560,Iran,34.81,72.32,93.26,False,56.05,Medium,flagged_risky,2025-05-22,activated,9.0
U01561,India,55.87,81.38,42.02,False,39.15,Low,legitimate,2025-05-25,activated,3.4
U01562,Nigeria,26.04,94.45,69.46,False,37.26,Low,legitimate,2025-02-02,verification_complete,
U01563,Russia,42.57,66.15,78.11,False,54.17,Medium,legitimate,2025-03-21,activated,14.4
U01564,Brazil,66.18,75.98,53.91,False,48.63,Low,legitimate,2025-06-12,activated,4.6
U01565,USA,60.07,76.32,11.45,False,29.7,Low,legitimate,2025-05-27,activated,4.7
U01566,Switzerland,31.5,55.04,8.36,False,26.28,Low,legitimate,2025-01-11,signup_started,
U01567,Switzerland,20.27,88.96,5.19,False,11.47,Low,legitimate,2025-02-14,activated,2.5
U01568,USA,32.57,75.29,3.73,False,18.68,Low,legitimate,2025-02-17,selfie_uploaded,
U01569,USA,58.68,84.31,9.72,False,26.2,Low,flagged_risky,2025-04-03,activated,3.5
U01570,USA,21.87,44.7,32.11,False,36.0,Low,legitimate,2025-05-27,activated,6.0
U01571,India,74.24,65.31,41.46,False,49.26,Low,flagged_risky,2025-03-28,activated,5.4
U01572,India,100.0,96.72,26.09,False,41.42,Low,legitimate,2025-02-03,document_uploaded,
U01573,Brazil,43.83,94.66,34.14,False,28.4,Low,legitimate,2025-04-11,activated,6.1
U01574,Switzerland,10.36,69.55,6.99,True,15.04,High,flagged_risky,2025-02-09,activated,60.7
U01575,Singapore,65.89,46.3,24.05,False,45.5,Low,flagged_risky,2025-05-03,activated,2.0
U01576,Brazil,30.33,85.56,46.32,False,31.96,Low,legitimate,2025-06-25,activated,3.9
U01577,Nigeria,42.81,52.19,100.0,False,67.19,Medium,flagged_risky,2025-04-24,activated,26.8
U01578,Iran,49.38,65.06,99.17,False,64.96,Medium,legitimate,2025-06-14,activated,13.6
U01579,Nigeria,64.31,88.33,74.24,False,52.49,Medium,legitimate,2025-04-08,document_uploaded,
U01580,Nigeria,38.39,93.61,57.98,False,36.63,Low,legitimate,2025-05-27,signup_started,
U01581,UK,30.86,76.27,23.44,False,25.75,Low,legitimate,2025-06-19,document_uploaded,
U01582,USA,12.58,91.94,14.99,False,12.19,Low,legitimate,2025-02-01,selfie_uploaded,
U01583,Singapore,9.49,91.79,17.77,False,12.42,Low,legitimate,2025-04-30,activated,2.5
U01584,India,37.85,50.61,30.67,False,38.44,Low,legitimate,2025-02-15,document_uploaded,
U01585,Russia,43.01,98.17,79.59,False,45.29,Low,legitimate,2025-01-16,details_entered,
U01586,UK,47.97,50.14,18.17,False,36.62,Low,legitimate,2025-02-12,activated,4.0
U01587,India,17.49,91.86,36.61,False,22.33,Low,legitimate,2025-01-26,activated,4.9
U01588,Singapore,22.03,49.0,13.64,False,27.36,Low,legitimate,2025-02-04,selfie_uploaded,
U01589,Germany,37.37,51.41,9.6,False,29.63,Low,legitimate,2025-01-02,activated,2.7
U01590,Germany,24.23,87.1,6.16,False,13.6,Low,legitimate,2025-06-24,activated,3.0
U01591,Switzerland,100.0,89.84,22.45,False,42.03,Low,legitimate,2025-03-21,activated,4.9
U01592,Russia,21.66,85.07,87.44,False,45.95,Low,legitimate,2025-01-30,activated,3.2
U01593,USA,45.05,73.17,11.15,False,26.03,Low,legitimate,2025-03-03,activated,4.8
U01594,Brazil,100.0,51.37,53.12,False,65.83,Medium,flagged_risky,2025-05-15,activated,27.1
U01595,UAE,61.28,90.02,35.32,False,35.51,Low,flagged_risky,2025-04-24,activated,2.3
U01596,Germany,23.9,57.09,1.34,False,20.58,Low,legitimate,2025-01-10,activated,3.6
U01597,Germany,49.54,82.79,21.3,False,28.55,Low,legitimate,2025-01-27,activated,3.8
U01598,Brazil,45.47,82.72,32.66,False,31.89,Low,legitimate,2025-04-08,document_uploaded,
U01599,Singapore,50.99,71.37,18.34,False,31.22,Low,legitimate,2025-06-24,signup_started,
U01600,Russia,37.02,93.67,100.0,False,53.01,Medium,flagged_risky,2025-01-13,activated,15.3
U01601,Germany,59.16,91.41,10.1,False,24.36,Low,legitimate,2025-06-05,activated,4.0
U01602,UAE,40.17,30.43,45.69,False,51.2,Medium,flagged_risky,2025-01-12,document_uploaded,
U01603,Brazil,11.27,94.13,100.0,False,45.14,Low,flagged_risky,2025-03-31,activated,5.1
U01604,Singapore,39.34,98.47,70.46,False,40.44,Low,legitimate,2025-02-11,activated,4.0
U01605,Singapore,42.61,58.77,16.46,False,31.73,Low,flagged_risky,2025-03-18,activated,5.3
U01606,Cayman Islands,56.44,87.08,83.02,False,54.02,Medium,flagged_risky,2025-06-16,activated,14.8
U01607,Singapore,37.88,83.6,0.0,False,16.28,Low,legitimate,2025-02-08,activated,2.6
U01608,USA,99.68,91.91,16.47,True,38.92,High,legitimate,2025-04-25,document_uploaded,
U01609,USA,31.65,74.57,30.43,False,29.3,Low,flagged_risky,2025-03-01,activated,4.6
U01610,Singapore,22.96,69.47,25.09,False,26.08,Low,legitimate,2025-04-28,details_entered,
U01611,Brazil,80.51,63.76,54.46,False,56.81,Medium,legitimate,2025-01-10,activated,25.9
U01612,Brazil,31.03,56.78,37.29,False,37.19,Low,legitimate,2025-02-23,activated,4.3
U01613,UK,35.45,60.03,19.42,False,30.39,Low,legitimate,2025-06-22,activated,4.9
U01614,Brazil,42.62,85.88,55.66,False,39.29,Low,legitimate,2025-05-11,activated,5.6
U01615,Germany,40.19,81.66,18.53,False,24.97,Low,legitimate,2025-06-18,activated,3.1
U01616,Switzerland,50.72,65.65,15.06,False,31.54,Low,flagged_risky,2025-05-03,verification_complete,
U01617,India,54.26,80.16,41.27,False,38.74,Low,legitimate,2025-02-03,activated,7.3
U01618,Iran,21.39,69.29,95.35,False,53.77,Medium,flagged_risky,2025-03-25,document_uploaded,
U01619,Switzerland,13.53,95.39,2.52,False,6.45,Low,legitimate,2025-06-08,activated,4.6
U01620,Germany,14.96,66.43,0.0,False,14.56,Low,legitimate,2025-05-03,activated,5.1
U01621,USA,74.9,38.46,21.06,False,49.35,Low,flagged_risky,2025-04-04,activated,2.4
U01622,Brazil,29.18,84.41,49.67,False,33.3,Low,legitimate,2025-06-06,activated,3.2
U01623,Switzerland,58.53,40.49,13.02,False,40.62,Low,legitimate,2025-01-21,activated,2.8
U01624,UK,55.25,62.83,2.96,False,28.91,Low,legitimate,2025-06-22,activated,4.5
U01625,UAE,35.44,67.87,47.81,False,39.39,Low,legitimate,2025-01-23,document_uploaded,
U01626,UK,17.28,50.42,33.49,False,33.45,Low,legitimate,2025-06-29,activated,4.1
U01627,Germany,56.14,72.15,12.71,False,30.28,Low,legitimate,2025-05-25,activated,3.6
U01628,Germany,34.59,65.61,11.45,False,25.27,Low,flagged_risky,2025-03-29,activated,2.0
U01629,USA,12.79,54.6,20.78,False,25.77,Low,legitimate,2025-03-27,activated,5.1
U01630,USA,24.38,84.92,77.13,False,42.69,Low,legitimate,2025-01-06,activated,1.9
U01631,Nigeria,8.77,56.79,60.79,False,39.91,Low,flagged_risky,2025-02-27,activated,3.1
U01632,India,25.27,66.31,39.83,False,33.62,Low,legitimate,2025-02-11,activated,2.4
U01633,UAE,36.75,32.95,95.5,False,69.34,Medium,flagged_risky,2025-05-08,activated,13.2
U01634,Iran,32.01,29.83,91.08,True,67.08,High,legitimate,2025-02-05,activated,58.3
U01635,USA,29.3,90.93,60.62,False,35.76,Low,legitimate,2025-05-26,signup_started,
U01636,USA,36.49,87.25,30.13,False,26.82,Low,legitimate,2025-02-24,activated,2.1
U01637,Russia,48.69,20.54,94.21,False,76.13,High,flagged_risky,2025-06-03,activated,45.8
U01638,Singapore,61.62,52.57,14.03,False,38.33,Low,flagged_risky,2025-03-06,activated,1.9
U01639,UAE,67.09,69.51,38.61,False,44.72,Low,legitimate,2025-05-16,details_entered,
U01640,UAE,19.54,63.81,64.43,False,42.49,Low,legitimate,2025-05-01,document_uploaded,
U01641,Switzerland,71.39,64.2,4.15,False,33.82,Low,legitimate,2025-06-28,activated,4.9
U01642,USA,34.63,58.24,12.86,False,28.06,Low,legitimate,2025-04-05,document_uploaded,
U01643,Germany,26.97,93.63,0.0,False,10.0,Low,legitimate,2025-03-05,activated,4.7
U01644,Germany,15.35,86.87,24.56,False,18.37,Low,legitimate,2025-04-27,activated,2.8
U01645,USA,2.65,73.29,26.71,False,19.49,Low,legitimate,2025-01-06,activated,2.5
U01646,Singapore,46.43,68.55,31.76,False,36.07,Low,legitimate,2025-06-24,activated,4.1
U01647,Brazil,45.23,82.65,35.49,False,32.97,Low,legitimate,2025-05-03,activated,4.8
U01648,Russia,22.72,44.32,91.12,False,59.97,Medium,legitimate,2025-01-09,activated,17.5
U01649,Brazil,23.24,75.92,48.63,False,33.65,Low,legitimate,2025-02-01,selfie_uploaded,
U01650,Singapore,31.17,94.51,17.25,False,17.9,Low,legitimate,2025-01-03,activated,3.9
U01651,Singapore,26.62,65.6,0.0,False,18.31,Low,legitimate,2025-05-01,activated,3.1
U01652,Singapore,18.83,43.54,71.46,False,51.17,Medium,legitimate,2025-04-30,details_entered,
U01653,Germany,13.95,64.16,19.08,False,22.57,Low,flagged_risky,2025-01-30,activated,5.3
U01654,Russia,100.0,80.85,77.65,False,66.81,Medium,legitimate,2025-04-09,signup_started,
U01655,USA,24.29,68.21,23.81,False,26.35,Low,legitimate,2025-03-30,activated,4.0
U01656,Singapore,100.0,85.44,3.11,False,35.61,Low,legitimate,2025-03-28,activated,5.3
U01657,Nigeria,51.14,44.48,64.79,False,57.91,Medium,flagged_risky,2025-04-22,details_entered,
U01658,UK,46.59,73.8,10.83,False,26.17,Low,legitimate,2025-06-03,activated,6.1
U01659,Switzerland,100.0,82.18,0.0,False,35.34,Low,legitimate,2025-06-14,activated,2.8
U01660,Germany,46.24,60.1,19.76,False,33.74,Low,legitimate,2025-01-29,activated,1.6
U01661,India,21.08,21.32,48.72,True,49.42,High,flagged_risky,2025-06-19,activated,77.5
U01662,Brazil,27.75,82.45,41.69,False,30.26,Low,legitimate,2025-04-14,activated,3.1
U01663,Germany,70.66,53.6,15.13,False,41.17,Low,legitimate,2025-02-02,activated,4.1
U01664,Russia,23.75,80.59,75.61,False,43.19,Low,legitimate,2025-06-17,activated,2.8
U01665,Nigeria,34.66,78.92,100.0,False,56.72,Medium,legitimate,2025-03-08,activated,30.8
U01666,Nigeria,48.83,67.97,64.35,False,50.0,Low,flagged_risky,2025-03-22,activated,6.2
U01667,Singapore,87.48,47.49,2.05,True,42.82,High,flagged_risky,2025-06-24,details_entered,
U01668,Switzerland,66.65,73.74,17.47,False,34.86,Low,legitimate,2025-04-15,activated,4.1
U01669,Nigeria,16.72,69.72,69.43,False,41.87,Low,flagged_risky,2025-01-26,selfie_uploaded,
U01670,UK,44.09,62.7,33.2,False,37.7,Low,legitimate,2025-01-13,activated,3.9
U01671,India,40.7,52.86,38.42,False,41.72,Low,legitimate,2025-05-28,selfie_uploaded,
U01672,UAE,27.93,84.4,33.67,False,26.52,Low,legitimate,2025-03-04,activated,3.5
U01673,Germany,35.38,88.4,23.04,False,23.31,Low,legitimate,2025-01-18,activated,5.9
U01674,Brazil,20.92,70.64,53.68,False,36.56,Low,flagged_risky,2025-01-08,activated,3.4
U01675,Russia,30.77,51.5,84.54,False,57.6,Medium,flagged_risky,2025-06-20,details_entered,
U01676,UAE,23.92,88.1,52.72,False,31.83,Low,flagged_risky,2025-04-14,activated,3.4
U01677,USA,37.27,71.55,12.12,False,24.57,Low,flagged_risky,2025-04-05,activated,4.2
U01678,Nigeria,27.18,89.89,68.85,True,38.73,High,flagged_risky,2025-04-17,activated,48.6
U01679,India,91.7,97.47,36.46,False,42.85,Low,legitimate,2025-03-17,verification_complete,
U01680,UAE,38.14,90.12,30.38,False,26.56,Low,legitimate,2025-06-21,document_uploaded,
U01681,Brazil,33.21,77.75,45.63,False,34.89,Low,flagged_risky,2025-04-19,activated,4.9
U01682,UAE,29.59,81.46,54.03,False,36.05,Low,legitimate,2025-04-25,activated,5.8
U01683,Singapore,27.23,87.29,12.14,False,16.84,Low,legitimate,2025-06-10,activated,4.1
U01684,Switzerland,12.79,93.49,0.0,False,5.79,Low,legitimate,2025-01-01,activated,6.7
U01685,Singapore,58.44,64.46,0.0,False,28.19,Low,legitimate,2025-02-27,activated,5.4
U01686,USA,80.59,80.51,32.98,False,43.22,Low,legitimate,2025-05-30,signup_started,
U01687,USA,23.65,53.91,17.19,False,27.8,Low,legitimate,2025-01-18,activated,3.9
U01688,India,70.43,81.81,32.17,False,39.45,Low,legitimate,2025-03-01,activated,2.0
U01689,UK,100.0,97.07,12.53,False,35.89,Low,legitimate,2025-01-30,activated,3.2
U01690,Brazil,100.0,98.96,34.7,False,44.19,Low,legitimate,2025-05-09,details_entered,
U01691,Russia,78.33,68.25,90.81,False,69.35,Medium,legitimate,2025-06-01,activated,12.9
U01692,Singapore,14.2,83.37,6.46,False,11.83,Low,legitimate,2025-02-17,activated,1.4
U01693,UAE,14.06,67.26,54.31,False,35.76,Low,legitimate,2025-05-04,details_entered,
U01694,UAE,52.82,55.08,42.46,False,46.31,Low,flagged_risky,2025-05-17,activated,1.8
U01695,India,34.9,69.68,50.87,False,39.91,Low,flagged_risky,2025-06-12,activated,5.1
U01696,Germany,5.49,73.18,14.31,False,15.42,Low,legitimate,2025-06-16,activated,6.6
U01697,Brazil,25.73,53.52,55.68,False,43.93,Low,legitimate,2025-03-24,verification_complete,
U01698,Cayman Islands,51.29,77.12,88.47,False,57.64,Medium,legitimate,2025-01-15,document_uploaded,
U01699,UAE,31.09,89.89,47.61,False,31.4,Low,legitimate,2025-05-14,activated,3.5
U01700,Russia,35.02,72.64,81.13,False,51.17,Medium,legitimate,2025-04-08,document_uploaded,
U01701,Iran,14.04,46.12,93.9,False,57.94,Medium,flagged_risky,2025-03-24,document_uploaded,
U01702,UK,25.48,76.92,32.24,False,27.46,Low,legitimate,2025-04-08,activated,3.8
U01703,India,52.97,86.31,96.71,False,58.68,Medium,flagged_risky,2025-04-26,selfie_uploaded,
U01704,USA,24.56,63.87,18.04,False,25.42,Low,legitimate,2025-02-21,activated,3.9
U01705,Iran,74.06,71.61,96.13,False,69.19,Medium,flagged_risky,2025-03-01,activated,9.2
U01706,Switzerland,35.58,85.11,11.62,False,19.79,Low,legitimate,2025-03-03,document_uploaded,
U01707,USA,46.32,51.97,14.13,False,33.96,Low,legitimate,2025-03-30,activated,2.4
U01708,Nigeria,52.18,42.35,72.83,False,62.08,Medium,flagged_risky,2025-05-02,activated,18.4
U01709,Singapore,50.82,80.5,8.48,False,24.49,Low,legitimate,2025-01-08,activated,4.7
U01710,Brazil,16.33,68.88,33.76,False,27.74,Low,legitimate,2025-02-22,verification_complete,
U01711,UK,18.72,89.5,78.0,False,39.97,Low,legitimate,2025-05-12,activated,7.0
U01712,Cayman Islands,5.39,80.63,72.09,False,36.27,Low,legitimate,2025-01-06,activated,4.9
U01713,Nigeria,27.68,78.2,54.39,False,36.6,Low,legitimate,2025-05-24,activated,3.8
U01714,UK,17.63,53.56,16.23,False,25.71,Low,legitimate,2025-05-19,document_uploaded,
U01715,Brazil,24.02,50.17,52.39,False,43.11,Low,legitimate,2025-02-27,selfie_uploaded,
U01716,UK,29.78,90.33,19.74,False,19.73,Low,legitimate,2025-04-23,activated,4.1
U01717,India,38.85,90.93,43.1,False,31.62,Low,legitimate,2025-03-30,activated,4.3
U01718,India,31.42,90.06,20.61,False,20.65,Low,legitimate,2025-02-15,activated,3.5
U01719,Brazil,31.01,90.55,35.75,False,26.44,Low,legitimate,2025-01-27,activated,4.3
U01720,Switzerland,43.9,88.96,25.76,True,26.79,High,flagged_risky,2025-06-23,activated,46.7
U01721,Singapore,33.96,66.52,56.05,False,42.65,Low,legitimate,2025-06-04,activated,1.7
U01722,UAE,61.23,88.21,47.5,False,40.9,Low,legitimate,2025-06-11,activated,5.4
U01723,India,34.04,73.76,31.82,False,30.81,Low,legitimate,2025-01-26,details_entered,
U01724,USA,87.82,72.65,74.67,False,64.42,Medium,flagged_risky,2025-06-23,activated,18.8
U01725,Switzerland,15.81,62.98,2.3,False,16.77,Low,legitimate,2025-04-23,activated,3.1
U01726,UK,27.32,79.26,20.05,False,22.44,Low,legitimate,2025-04-03,activated,3.1
U01727,Nigeria,21.21,84.19,71.23,True,39.6,High,flagged_risky,2025-03-03,activated,37.9
U01728,Switzerland,39.88,88.73,3.97,False,16.93,Low,legitimate,2025-02-12,activated,5.1
U01729,UK,15.8,46.21,5.55,False,23.1,Low,legitimate,2025-02-28,activated,5.4
U01730,Russia,10.45,55.85,80.41,False,48.54,Low,legitimate,2025-02-01,activated,4.0
U01731,Switzerland,18.29,62.76,0.0,False,16.66,Low,legitimate,2025-05-23,activated,3.4
U01732,UAE,11.12,67.06,45.85,False,31.56,Low,legitimate,2025-06-20,activated,2.0
U01733,Singapore,30.06,28.74,33.64,False,43.85,Low,legitimate,2025-06-24,activated,5.0
U01734,Nigeria,38.77,92.35,100.0,False,53.93,Medium,flagged_risky,2025-06-10,document_uploaded,
U01735,UAE,9.11,90.75,48.47,False,24.89,Low,legitimate,2025-01-24,activated,2.7
U01736,Nigeria,26.1,68.1,69.23,False,45.09,Low,legitimate,2025-05-14,activated,4.0
U01737,Germany,66.53,79.7,0.0,False,26.05,Low,legitimate,2025-06-04,activated,3.6
U01738,India,78.99,63.4,26.1,False,45.12,Low,legitimate,2025-04-02,details_entered,
U01739,Brazil,55.72,84.7,59.55,False,45.12,Low,legitimate,2025-04-11,activated,2.3
U01740,Singapore,3.41,33.79,2.89,False,22.04,Low,legitimate,2025-03-11,activated,4.4
U01741,Singapore,36.41,50.65,3.71,False,27.21,Low,flagged_risky,2025-05-29,activated,3.2
U01742,Switzerland,71.51,54.56,6.51,False,37.69,Low,legitimate,2025-05-07,activated,4.6
U01743,Cayman Islands,80.12,80.95,72.44,False,58.73,Medium,legitimate,2025-04-24,signup_started,
U01744,UAE,12.98,86.9,30.96,False,20.21,Low,legitimate,2025-01-02,activated,5.3
U01745,India,68.13,71.12,37.55,False,44.12,Low,legitimate,2025-06-22,activated,3.0
U01746,UAE,74.56,93.03,33.98,False,38.05,Low,flagged_risky,2025-04-05,activated,4.3
U01747,India,33.79,75.57,95.19,False,55.54,Medium,legitimate,2025-06-22,verification_complete,
U01748,USA,13.08,75.91,10.97,False,15.54,Low,legitimate,2025-05-03,activated,3.2
U01749,USA,8.08,90.29,22.7,False,14.42,Low,legitimate,2025-04-04,activated,5.4
U01750,India,42.63,71.8,35.91,False,35.61,Low,flagged_risky,2025-05-16,activated,2.0
U01751,Germany,21.35,88.88,10.39,False,13.9,Low,legitimate,2025-02-14,activated,3.0
U01752,Nigeria,32.33,75.47,75.37,False,47.2,Low,legitimate,2025-03-23,activated,2.0
U01753,Brazil,29.95,47.23,46.72,False,43.51,Low,legitimate,2025-01-05,activated,3.1
U01754,UK,17.53,84.76,12.5,False,14.83,Low,legitimate,2025-05-15,activated,3.8
U01755,India,77.1,51.68,42.23,False,54.52,Medium,legitimate,2025-02-28,activated,22.5
U01756,Germany,69.29,90.0,18.01,False,30.99,Low,legitimate,2025-01-18,activated,3.8
U01757,Cayman Islands,37.4,88.11,80.68,False,47.06,Low,legitimate,2025-05-24,activated,3.3
U01758,Russia,38.6,63.12,78.73,False,54.14,Medium,flagged_risky,2025-02-11,activated,9.6
U01759,Russia,20.32,92.88,70.96,False,36.62,Low,legitimate,2025-02-10,activated,2.5
U01760,UK,73.6,53.37,7.25,False,38.97,Low,legitimate,2025-01-27,activated,4.4
U01761,Germany,14.2,52.96,18.92,False,25.94,Low,flagged_risky,2025-04-19,activated,5.1
U01762,Germany,63.21,71.39,16.0,False,33.95,Low,legitimate,2025-03-03,activated,3.5
U01763,Switzerland,36.58,49.23,12.1,False,31.04,Low,legitimate,2025-04-13,activated,5.5
U01764,Germany,24.85,46.61,14.53,False,29.28,Low,legitimate,2025-03-03,activated,2.9
U01765,Switzerland,46.39,77.12,8.42,False,24.15,Low,legitimate,2025-05-16,activated,3.5
U01766,Iran,28.69,78.45,100.0,False,55.07,Medium,legitimate,2025-03-09,details_entered,
U01767,Switzerland,10.33,89.95,16.42,False,12.68,Low,legitimate,2025-05-23,activated,5.8
U01768,Germany,13.35,87.82,20.2,False,15.74,Low,legitimate,2025-03-25,activated,4.2
U01769,Brazil,27.38,88.52,98.86,False,51.2,Medium,legitimate,2025-01-03,activated,8.3
U01770,India,22.49,89.49,50.48,False,30.09,Low,legitimate,2025-03-20,details_entered,
U01771,Brazil,62.28,60.39,50.06,False,50.59,Medium,legitimate,2025-02-14,signup_started,
U01772,India,21.72,81.31,43.69,False,29.6,Low,flagged_risky,2025-03-30,activated,3.7
U01773,Nigeria,20.72,87.0,72.54,False,39.13,Low,flagged_risky,2025-01-23,activated,2.9
U01774,India,18.71,67.74,40.22,False,31.38,Low,legitimate,2025-05-16,activated,5.0
U01775,India,17.5,29.02,31.38,False,39.1,Low,legitimate,2025-04-23,activated,6.4
U01776,UAE,17.95,57.4,48.31,False,37.49,Low,flagged_risky,2025-01-26,selfie_uploaded,
U01777,USA,11.72,86.77,43.61,False,24.93,Low,legitimate,2025-06-26,activated,2.1
U01778,UK,37.65,96.34,11.63,False,17.04,Low,legitimate,2025-03-05,activated,4.9
U01779,USA,30.43,73.67,18.64,False,24.48,Low,legitimate,2025-02-07,activated,4.5
U01780,Germany,29.54,91.35,7.98,True,14.65,High,legitimate,2025-01-01,activated,39.2
U01781,Brazil,8.54,51.74,43.61,False,34.48,Low,legitimate,2025-02-14,activated,5.5
U01782,Singapore,88.12,74.77,23.9,False,43.57,Low,legitimate,2025-01-06,document_uploaded,
U01783,Germany,46.7,52.61,5.94,False,30.61,Low,legitimate,2025-03-28,activated,5.6
U01784,Singapore,85.17,65.69,5.73,False,38.14,Low,legitimate,2025-04-20,activated,2.7
U01785,Nigeria,45.05,81.99,55.71,False,41.2,Low,legitimate,2025-03-08,document_uploaded,
U01786,UK,96.07,69.75,8.18,True,41.17,High,flagged_risky,2025-06-07,activated,40.2
U01787,UAE,19.96,68.23,26.62,False,26.17,Low,legitimate,2025-06-23,document_uploaded,
U01788,Nigeria,88.06,99.37,75.69,False,56.88,Medium,legitimate,2025-02-25,activated,26.0
U01789,Switzerland,46.02,68.22,33.2,False,36.62,Low,legitimate,2025-04-25,activated,2.3
U01790,Brazil,42.24,72.97,44.7,False,38.66,Low,legitimate,2025-03-14,activated,2.4
U01791,UK,29.01,64.51,0.0,False,19.35,Low,legitimate,2025-02-19,document_uploaded,
U01792,Germany,24.77,79.48,20.1,False,21.63,Low,legitimate,2025-02-07,activated,4.0
U01793,UAE,21.13,69.99,35.46,False,29.52,Low,legitimate,2025-04-04,activated,5.4
U01794,Russia,89.95,63.67,89.69,False,73.76,Medium,flagged_risky,2025-01-26,document_uploaded,
U01795,Singapore,28.35,86.66,7.46,False,15.49,Low,legitimate,2025-05-02,activated,4.1
U01796,India,46.57,87.62,32.31,False,30.61,Low,legitimate,2025-06-09,activated,4.8
U01797,Singapore,53.42,63.54,8.4,False,30.32,Low,legitimate,2025-03-08,signup_started,
U01798,India,52.92,67.98,44.82,True,43.41,High,flagged_risky,2025-04-13,selfie_uploaded,
U01799,India,37.76,63.14,35.95,False,36.77,Low,legitimate,2025-06-25,activated,7.4
U01800,India,87.04,61.82,33.53,False,50.98,Medium,legitimate,2025-05-07,activated,19.1
U01801,India,44.17,89.71,36.21,False,30.82,Low,legitimate,2025-03-14,activated,2.4
U01802,Germany,87.85,53.52,0.55,False,40.52,Low,legitimate,2025-06-08,activated,4.4
U01803,UAE,25.63,43.34,45.57,False,42.92,Low,flagged_risky,2025-01-08,details_entered,
U01804,UAE,8.98,40.02,25.92,False,31.06,Low,legitimate,2025-04-16,selfie_uploaded,
U01805,UAE,40.58,28.64,78.42,False,64.95,Medium,legitimate,2025-02-15,activated,23.0
U01806,Switzerland,49.16,69.3,14.83,True,29.89,High,legitimate,2025-02-02,activated,51.5
U01807,USA,51.97,95.55,20.73,False,25.22,Low,legitimate,2025-04-04,activated,1.9
U01808,USA,46.02,72.75,23.31,False,31.31,Low,legitimate,2025-05-09,document_uploaded,
U01809,Switzerland,29.08,7.47,7.41,False,39.45,Low,legitimate,2025-05-13,activated,2.0
U01810,Singapore,33.05,91.88,20.53,False,20.56,Low,legitimate,2025-05-15,activated,5.5
U01811,USA,94.89,35.4,26.32,False,58.38,Medium,legitimate,2025-02-21,activated,14.0
U01812,UAE,62.42,60.38,46.02,False,49.02,Low,flagged_risky,2025-03-16,verification_complete,
U01813,Singapore,6.03,79.86,18.35,False,15.19,Low,flagged_risky,2025-01-21,activated,3.2
U01814,Brazil,23.55,82.18,54.75,False,34.31,Low,legitimate,2025-04-22,activated,3.4
U01815,India,14.91,61.94,34.04,False,29.51,Low,legitimate,2025-05-25,signup_started,
U01816,Brazil,100.0,82.74,35.9,False,49.54,Low,flagged_risky,2025-03-29,activated,4.9
U01817,USA,70.4,96.77,21.78,False,30.8,Low,legitimate,2025-02-26,activated,3.3
U01818,USA,24.29,71.08,22.91,False,25.13,Low,legitimate,2025-03-01,activated,4.9
U01819,India,10.68,95.31,47.81,False,23.74,Low,legitimate,2025-04-28,activated,3.3
U01820,Russia,13.39,87.02,69.57,False,35.74,Low,legitimate,2025-05-02,activated,3.7
U01821,USA,61.88,65.15,9.84,False,32.96,Low,legitimate,2025-03-27,activated,4.0
U01822,India,8.74,90.48,42.14,False,22.34,Low,legitimate,2025-02-14,activated,4.2
U01823,India,33.43,76.69,37.36,True,31.97,High,flagged_risky,2025-03-15,selfie_uploaded,
U01824,UAE,55.51,64.98,25.03,False,37.17,Low,flagged_risky,2025-02-28,activated,4.8
U01825,Switzerland,12.31,76.06,11.38,False,15.43,Low,legitimate,2025-01-18,activated,3.7
U01826,USA,33.18,48.13,1.33,False,26.05,Low,legitimate,2025-03-15,activated,4.7
U01827,USA,24.59,54.21,9.49,False,24.91,Low,legitimate,2025-06-02,activated,4.0
U01828,Russia,22.27,0.0,90.17,False,72.75,Medium,flagged_risky,2025-04-21,verification_complete,
U01829,USA,19.52,72.78,34.42,False,27.79,Low,legitimate,2025-01-25,activated,3.5
U01830,USA,58.5,75.52,7.06,False,27.72,Low,legitimate,2025-06-03,activated,3.1
U01831,Cayman Islands,79.95,51.77,79.04,False,70.07,Medium,flagged_risky,2025-02-08,activated,20.3
U01832,USA,27.46,59.31,18.38,True,27.8,High,flagged_risky,2025-04-21,selfie_uploaded,
U01833,Germany,42.37,82.82,28.03,False,29.08,Low,legitimate,2025-04-13,activated,5.8
U01834,Germany,33.71,38.2,7.56,False,31.68,Low,flagged_risky,2025-05-11,document_uploaded,
U01835,Switzerland,6.85,66.93,3.71,False,13.46,Low,legitimate,2025-05-18,activated,2.4
U01836,Switzerland,26.68,88.85,21.94,False,20.12,Low,legitimate,2025-02-22,activated,3.3
U01837,USA,5.59,52.93,14.63,False,21.65,Low,flagged_risky,2025-05-20,activated,2.8
U01838,Brazil,23.09,66.78,54.5,False,38.69,Low,legitimate,2025-04-16,document_uploaded,
U01839,UAE,32.54,93.87,28.71,False,23.08,Low,legitimate,2025-03-04,activated,4.9
U01840,Switzerland,52.66,78.49,6.46,False,24.83,Low,legitimate,2025-01-19,activated,3.9
U01841,India,39.85,57.68,23.06,False,33.88,Low,legitimate,2025-04-13,activated,4.3
U01842,Germany,59.48,41.84,2.5,False,36.29,Low,legitimate,2025-03-25,activated,3.9
U01843,Russia,17.14,0.0,85.55,False,69.36,Medium,legitimate,2025-03-26,verification_complete,
U01844,Germany,73.66,17.58,11.55,False,51.44,Medium,legitimate,2025-05-05,activated,20.8
U01845,India,80.0,77.94,35.13,False,44.67,Low,legitimate,2025-05-08,activated,4.8
U01846,UK,5.3,58.06,8.26,False,17.48,Low,legitimate,2025-02-02,activated,3.8
U01847,India,8.28,84.86,36.01,False,21.43,Low,legitimate,2025-02-23,activated,3.2
U01848,USA,32.01,98.9,20.71,False,18.22,Low,legitimate,2025-06-12,activated,4.8
U01849,UAE,21.82,84.18,50.85,False,31.63,Low,legitimate,2025-04-17,signup_started,
U01850,Singapore,24.43,79.96,0.0,False,13.34,Low,legitimate,2025-03-17,selfie_uploaded,
U01851,Russia,39.6,85.82,100.0,False,56.14,Medium,flagged_risky,2025-06-25,activated,26.5
U01852,USA,61.0,87.01,19.43,True,29.97,High,legitimate,2025-05-01,details_entered,
U01853,UAE,16.43,88.22,41.11,False,24.91,Low,flagged_risky,2025-06-02,activated,2.8
U01854,Nigeria,67.57,75.34,73.63,False,57.12,Medium,flagged_risky,2025-03-26,activated,13.2
U01855,Iran,84.05,55.93,98.41,False,77.8,High,legitimate,2025-01-30,selfie_uploaded,
U01856,Singapore,100.0,18.65,7.26,False,57.31,Medium,legitimate,2025-05-12,activated,7.9
U01857,Singapore,73.99,75.31,5.26,False,31.71,Low,legitimate,2025-05-27,activated,5.8
U01858,Singapore,20.8,74.63,7.79,False,16.97,Low,legitimate,2025-04-16,activated,3.1
U01859,Singapore,10.9,74.14,20.34,False,19.16,Low,legitimate,2025-03-19,activated,6.3
U01860,India,20.43,75.86,31.41,False,25.94,Low,legitimate,2025-01-23,activated,3.9
U01861,Iran,18.33,85.35,95.43,False,48.07,Low,legitimate,2025-02-14,activated,4.9
U01862,Iran,48.46,92.15,97.65,False,55.95,Medium,flagged_risky,2025-06-16,activated,30.9
U01863,India,5.44,92.02,100.0,False,44.03,Low,legitimate,2025-01-31,activated,3.6
U01864,India,8.37,93.19,35.3,False,18.68,Low,legitimate,2025-04-29,activated,3.6
U01865,Nigeria,47.56,88.41,78.63,False,49.2,Low,legitimate,2025-04-30,activated,3.2
U01866,Russia,17.72,68.24,100.0,False,54.84,Medium,flagged_risky,2025-03-26,activated,12.6
U01867,Germany,23.31,74.19,11.43,False,19.31,Low,legitimate,2025-06-29,activated,3.6
U01868,India,55.35,74.47,36.1,False,38.71,Low,flagged_risky,2025-05-02,activated,3.3
U01869,Brazil,62.76,92.5,45.04,False,39.09,Low,legitimate,2025-06-24,activated,2.5
U01870,UK,71.75,85.38,12.7,False,30.99,Low,legitimate,2025-02-16,activated,3.7
U01871,USA,52.37,95.63,25.69,False,27.3,Low,legitimate,2025-05-14,activated,4.5
U01872,Iran,28.39,86.8,98.08,False,51.71,Medium,legitimate,2025-05-19,signup_started,
U01873,Iran,26.71,88.72,98.12,False,50.64,Medium,legitimate,2025-06-15,activated,17.1
U01874,Russia,24.49,36.68,100.0,False,66.34,Medium,legitimate,2025-03-16,activated,25.6
U01875,Brazil,12.35,92.87,39.29,False,21.56,Low,legitimate,2025-03-01,activated,2.3
U01876,Singapore,15.9,78.37,29.29,False,22.97,Low,legitimate,2025-05-25,activated,6.3
U01877,UK,65.88,91.08,13.4,False,27.8,Low,legitimate,2025-05-10,selfie_uploaded,
U01878,India,19.14,61.44,31.03,False,29.72,Low,flagged_risky,2025-02-19,activated,4.2
U01879,India,12.42,41.46,50.88,False,41.64,Low,legitimate,2025-02-24,activated,5.5
U01880,USA,69.4,71.9,20.54,False,37.46,Low,legitimate,2025-05-23,activated,5.9
U01881,India,37.97,63.01,43.2,False,39.77,Low,legitimate,2025-04-13,activated,4.6
U01882,USA,91.18,88.93,16.76,False,37.38,Low,legitimate,2025-06-13,activated,3.2
U01883,UAE,85.16,74.88,39.13,False,48.74,Low,legitimate,2025-04-24,activated,3.1
U01884,UK,13.37,67.6,13.47,False,19.12,Low,legitimate,2025-06-26,signup_started,
U01885,UK,30.53,47.69,2.56,False,25.88,Low,legitimate,2025-02-28,document_uploaded,
U01886,Germany,14.95,79.25,11.21,False,15.19,Low,legitimate,2025-05-20,activated,3.5
U01887,Germany,14.84,63.04,14.66,False,21.41,Low,legitimate,2025-02-04,activated,4.4
U01888,Nigeria,23.97,74.62,86.65,False,49.47,Low,flagged_risky,2025-05-07,activated,2.7
U01889,USA,49.4,69.82,18.77,False,31.38,Low,flagged_risky,2025-03-17,details_entered,
U01890,Singapore,49.59,53.95,0.0,False,28.69,Low,legitimate,2025-04-04,activated,4.0
U01891,UAE,45.62,79.9,41.15,False,36.18,Low,legitimate,2025-05-26,activated,3.6
U01892,India,28.32,97.16,62.66,False,34.41,Low,legitimate,2025-01-20,activated,3.7
U01893,Switzerland,51.35,90.09,77.49,False,49.37,Low,flagged_risky,2025-02-10,activated,2.2
U01894,UK,12.26,97.04,7.7,False,7.65,Low,flagged_risky,2025-04-11,activated,3.9
U01895,Germany,38.39,90.31,17.32,False,21.35,Low,legitimate,2025-03-16,activated,5.9
U01896,India,33.28,96.65,31.32,False,23.52,Low,legitimate,2025-04-12,activated,3.0
U01897,Singapore,27.11,65.84,0.0,False,18.38,Low,flagged_risky,2025-03-19,activated,5.1
U01898,Switzerland,39.41,74.41,4.86,False,21.45,Low,legitimate,2025-01-12,document_uploaded,
U01899,Switzerland,4.94,86.81,8.82,False,8.97,Low,legitimate,2025-06-18,activated,3.0
U01900,India,15.19,76.92,63.75,False,36.98,Low,legitimate,2025-05-05,details_entered,
U01901,Switzerland,46.81,84.85,0.0,False,18.59,Low,legitimate,2025-04-20,activated,5.5
U01902,Nigeria,32.67,81.29,70.09,False,43.45,Low,legitimate,2025-01-27,selfie_uploaded,
U01903,Germany,9.12,73.32,8.33,False,14.07,Low,legitimate,2025-02-05,activated,2.8
U01904,India,32.15,62.22,41.55,False,37.6,Low,legitimate,2025-04-18,activated,4.3
U01905,USA,21.98,78.98,7.07,False,15.73,Low,legitimate,2025-01-10,selfie_uploaded,
U01906,USA,66.94,83.97,24.43,False,34.66,Low,legitimate,2025-03-27,activated,5.6
U01907,Switzerland,13.04,91.3,0.0,False,6.52,Low,legitimate,2025-06-10,activated,3.5
U01908,Brazil,13.44,77.16,62.78,False,36.0,Low,legitimate,2025-06-07,activated,1.3
U01909,Nigeria,42.87,81.81,54.56,False,40.14,Low,legitimate,2025-04-03,selfie_uploaded,
U01910,Switzerland,29.15,91.03,0.0,False,11.43,Low,legitimate,2025-02-11,activated,4.9
U01911,Germany,28.15,37.03,15.76,False,33.64,Low,legitimate,2025-01-14,activated,6.5
U01912,Russia,100.0,91.34,92.98,False,69.79,Medium,flagged_risky,2025-01-31,activated,17.7
U01913,India,50.52,89.34,40.84,False,34.69,Low,legitimate,2025-02-20,activated,3.3
U01914,Germany,25.61,61.13,17.07,False,26.17,Low,legitimate,2025-04-10,activated,6.9
U01915,Germany,8.08,80.38,12.16,False,13.17,Low,legitimate,2025-05-11,activated,4.5
U01916,India,24.55,77.25,28.76,True,25.7,High,legitimate,2025-03-24,verification_complete,
U01917,UAE,11.93,93.86,37.59,False,20.45,Low,legitimate,2025-05-29,activated,3.9
U01918,India,15.99,91.14,27.09,False,18.29,Low,legitimate,2025-01-30,activated,5.2
U01919,Cayman Islands,16.43,83.4,70.49,False,38.11,Low,legitimate,2025-03-18,activated,3.9
U01920,USA,63.55,63.4,21.62,False,38.69,Low,legitimate,2025-04-21,activated,5.0
U01921,UK,9.84,83.78,4.89,False,9.77,Low,legitimate,2025-01-10,details_entered,
U01922,USA,59.49,51.31,20.88,False,40.81,Low,legitimate,2025-06-13,activated,2.3
U01923,UK,44.19,86.07,45.54,False,35.65,Low,legitimate,2025-06-29,details_entered,
U01924,Singapore,100.0,65.22,12.67,False,45.5,Low,legitimate,2025-05-14,activated,3.7
U01925,Switzerland,15.47,77.08,3.6,False,12.96,Low,legitimate,2025-05-07,activated,4.4
U01926,UK,54.43,75.38,27.66,False,34.78,Low,legitimate,2025-02-07,activated,4.8
U01927,UAE,14.02,91.32,44.91,False,24.77,Low,legitimate,2025-02-02,activated,7.0
U01928,Switzerland,80.81,58.05,19.12,False,44.48,Low,legitimate,2025-02-12,selfie_uploaded,
U01929,USA,64.52,64.84,11.2,False,34.38,Low,legitimate,2025-01-25,activated,3.6
U01930,India,89.71,77.95,38.51,False,48.93,Low,legitimate,2025-04-11,activated,3.1
U01931,India,33.4,97.74,29.17,False,22.37,Low,legitimate,2025-06-22,activated,5.3
U01932,Brazil,29.13,78.92,44.28,False,32.77,Low,flagged_risky,2025-05-02,activated,5.4
U01933,Brazil,24.06,20.94,45.64,False,49.19,Low,legitimate,2025-06-08,activated,3.5
U01934,UAE,100.0,77.55,35.47,False,50.92,Medium,legitimate,2025-06-26,activated,29.2
U01935,Switzerland,49.1,83.3,0.0,False,19.74,Low,legitimate,2025-04-30,selfie_uploaded,
U01936,USA,12.04,57.92,5.28,False,18.35,Low,legitimate,2025-01-19,activated,5.2
U01937,India,74.94,40.22,16.94,False,47.19,Low,legitimate,2025-06-17,document_uploaded,
U01938,Singapore,28.33,63.92,0.49,False,19.52,Low,legitimate,2025-04-09,activated,2.4
U01939,Switzerland,2.45,71.94,13.65,False,14.61,Low,legitimate,2025-04-09,activated,4.7
U01940,Singapore,18.27,76.23,0.0,False,12.61,Low,flagged_risky,2025-06-27,activated,1.0
U01941,USA,64.49,62.27,5.69,False,32.94,Low,legitimate,2025-05-04,activated,5.0
U01942,USA,44.29,83.54,34.12,False,31.87,Low,legitimate,2025-01-20,activated,2.7
U01943,Germany,50.32,87.21,6.27,False,21.44,Low,legitimate,2025-05-18,activated,4.7
U01944,Brazil,74.47,78.62,50.89,False,49.11,Low,flagged_risky,2025-06-25,activated,4.9
U01945,Russia,6.8,59.45,83.78,False,47.72,Low,legitimate,2025-02-12,details_entered,
U01946,Germany,18.45,82.21,17.96,False,18.06,Low,legitimate,2025-03-25,activated,5.1
U01947,Russia,33.93,95.58,64.3,False,37.23,Low,legitimate,2025-01-19,document_uploaded,
U01948,Switzerland,65.74,79.37,5.92,False,28.28,Low,legitimate,2025-05-10,activated,3.5
U01949,Russia,13.95,69.14,63.44,False,38.82,Low,legitimate,2025-01-26,activated,3.9
U01950,Cayman Islands,25.49,94.79,100.0,False,49.21,Low,legitimate,2025-03-18,activated,2.7
U01951,Switzerland,32.42,94.85,0.0,False,11.27,Low,legitimate,2025-04-28,activated,3.7
U01952,Brazil,17.73,67.57,38.57,False,30.48,Low,legitimate,2025-06-01,activated,3.7
U01953,Cayman Islands,32.16,82.2,72.63,False,44.04,Low,legitimate,2025-02-27,activated,3.1
U01954,Russia,29.03,46.88,64.53,False,50.46,Medium,legitimate,2025-06-13,signup_started,
U01955,Cayman Islands,81.07,92.99,94.17,False,64.09,Medium,legitimate,2025-01-05,activated,11.1
U01956,India,54.34,91.07,59.8,False,42.9,Low,legitimate,2025-01-30,activated,1.0
U01957,Switzerland,48.03,72.85,3.72,False,24.04,Low,legitimate,2025-01-22,activated,3.6
U01958,Nigeria,55.94,89.43,58.12,False,43.2,Low,legitimate,2025-05-15,activated,4.4
U01959,India,59.2,87.39,17.87,False,28.69,Low,legitimate,2025-03-07,activated,1.0
U01960,India,86.6,90.79,95.19,False,66.82,Medium,flagged_risky,2025-01-04,activated,19.3
U01961,USA,8.8,87.85,15.15,False,12.35,Low,legitimate,2025-05-22,activated,3.9
U01962,India,9.76,0.41,32.14,False,45.66,Low,legitimate,2025-02-19,activated,2.6
U01963,Germany,51.32,90.13,13.99,True,23.95,High,flagged_risky,2025-05-03,document_uploaded,
U01964,UAE,23.13,75.83,45.56,False,32.41,Low,legitimate,2025-04-10,activated,5.3
U01965,Switzerland,20.95,69.06,10.91,False,19.93,Low,legitimate,2025-01-21,activated,2.8
U01966,UAE,18.56,61.53,39.15,False,32.77,Low,legitimate,2025-04-19,activated,4.1
U01967,Nigeria,57.23,92.14,60.09,False,43.56,Low,flagged_risky,2025-06-04,activated,4.4
U01968,USA,100.0,20.25,23.99,False,63.52,Medium,flagged_risky,2025-03-07,document_uploaded,
U01969,USA,58.99,93.16,18.11,False,27.0,Low,legitimate,2025-05-31,activated,5.2
U01970,UK,22.34,52.28,23.0,False,30.22,Low,legitimate,2025-02-18,activated,4.5
U01971,Cayman Islands,55.33,45.48,89.11,False,68.6,Medium,flagged_risky,2025-02-20,activated,16.6
U01972,UAE,9.48,78.19,29.2,False,21.07,Low,legitimate,2025-01-31,activated,6.8
U01973,UK,27.56,73.03,58.87,False,39.91,Low,legitimate,2025-02-08,activated,5.2
U01974,Germany,6.81,94.51,5.2,False,5.77,Low,legitimate,2025-02-13,activated,2.0
U01975,Germany,23.16,81.06,2.49,False,13.63,Low,legitimate,2025-04-27,activated,3.5
U01976,USA,36.58,66.99,24.8,False,30.8,Low,legitimate,2025-01-24,activated,7.0
U01977,Russia,100.0,83.94,81.16,False,67.28,Medium,flagged_risky,2025-04-09,activated,12.7
U01978,UAE,69.17,83.59,51.89,False,46.43,Low,legitimate,2025-02-17,activated,4.1
U01979,Germany,6.95,54.0,15.57,False,22.11,Low,legitimate,2025-01-27,activated,5.5
U01980,Nigeria,7.63,80.5,71.88,False,36.89,Low,flagged_risky,2025-05-28,activated,4.8
U01981,UK,17.83,44.55,25.8,False,32.3,Low,legitimate,2025-04-08,activated,5.0
U01982,Nigeria,96.93,90.69,74.23,False,61.56,Medium,flagged_risky,2025-02-21,activated,22.0
U01983,Singapore,7.27,69.8,10.61,False,15.49,Low,legitimate,2025-04-25,activated,4.0
U01984,India,18.68,67.56,51.32,False,35.86,Low,legitimate,2025-06-13,activated,3.0
U01985,Russia,18.6,64.8,79.04,False,47.75,Low,legitimate,2025-02-20,activated,4.5
U01986,Singapore,42.81,73.51,7.26,False,23.7,Low,legitimate,2025-02-14,activated,3.5
U01987,UAE,97.73,76.04,34.46,False,50.29,Medium,flagged_risky,2025-05-03,activated,15.4
U01988,Iran,48.35,71.75,100.0,False,62.98,Medium,flagged_risky,2025-03-30,activated,26.0
U01989,Germany,38.78,92.64,67.93,False,41.01,Low,flagged_risky,2025-05-02,activated,3.5
U01990,Switzerland,9.12,20.08,7.54,False,29.73,Low,legitimate,2025-01-31,activated,6.0
U01991,UAE,34.65,74.66,53.77,False,39.5,Low,legitimate,2025-06-17,activated,4.3
U01992,UK,75.84,96.13,0.0,False,23.91,Low,legitimate,2025-01-04,activated,3.8
U01993,Switzerland,92.42,53.92,7.5,False,44.55,Low,flagged_risky,2025-02-19,document_uploaded,
U01994,USA,42.03,82.92,61.04,False,42.15,Low,legitimate,2025-04-23,activated,6.5
U01995,UAE,7.02,86.97,35.46,False,20.2,Low,legitimate,2025-04-04,activated,4.0
U01996,Singapore,88.71,25.41,31.45,False,61.57,Medium,legitimate,2025-03-02,document_uploaded,
U01997,UK,28.96,81.03,14.4,False,20.14,Low,legitimate,2025-06-25,activated,5.2
U01998,Nigeria,8.16,61.26,66.33,True,40.6,High,flagged_risky,2025-03-04,document_uploaded,
U01999,India,13.26,81.39,38.23,False,24.85,Low,legitimate,2025-05-03,activated,2.9
